,From,To,Weight
0,LAKSHADWEEP,ARUNACHAL PRADESH,1
1,ANDAMAN & NICOBAR ISLANDS,ARUNACHAL PRADESH,1
2,CHHATTISGARH,MANIPUR,1
3,DADRA & NAGAR HAVELI,MANIPUR,1
4,LAKSHADWEEP,MIZORAM,1
5,MIZORAM,LAKSHADWEEP,1
6,TRIPURA,LAKSHADWEEP,1
7,MEGHALAYA,LAKSHADWEEP,1
8,JHARKHAND,LAKSHADWEEP,1
9,ANDAMAN & NICOBAR ISLANDS,MIZORAM,2
10,UTTARAKHAND,LAKSHADWEEP,2
11,ASSAM,LAKSHADWEEP,2
12,CHHATTISGARH,LAKSHADWEEP,2
13,LAKSHADWEEP,PUDUCHERRY,2
14,DADRA & NAGAR HAVELI,SIKKIM,3
15,PUDUCHERRY,ARUNACHAL PRADESH,3
16,LAKSHADWEEP,MANIPUR,3
17,PUDUCHERRY,MIZORAM,3
18,DADRA & NAGAR HAVELI,MEGHALAYA,3
19,ANDAMAN & NICOBAR ISLANDS,MEGHALAYA,3
20,NAGALAND,DADRA & NAGAR HAVELI,3
21,TRIPURA,DADRA & NAGAR HAVELI,3
22,JAMMU & KASHMIR,LAKSHADWEEP,3
23,ARUNACHAL PRADESH,LAKSHADWEEP,3
24,DAMAN & DIU,JAMMU & KASHMIR,4
25,CHANDIGARH,MIZORAM,4
26,DADRA & NAGAR HAVELI,TRIPURA,4
27,DADRA & NAGAR HAVELI,CHHATTISGARH,4
28,MEGHALAYA,DAMAN & DIU,4
29,GOA,LAKSHADWEEP,4
30,PUDUCHERRY,LAKSHADWEEP,4
31,DAMAN & DIU,PUDUCHERRY,4
32,DADRA & NAGAR HAVELI,JAMMU & KASHMIR,5
33,PUDUCHERRY,HIMACHAL PRADESH,5
34,DADRA & NAGAR HAVELI,PUNJAB,5
35,LAKSHADWEEP,CHANDIGARH,5
36,GOA,TRIPURA,5
37,DAMAN & DIU,JHARKHAND,5
38,ARUNACHAL PRADESH,DAMAN & DIU,5
39,NAGALAND,DAMAN & DIU,5
40,PUNJAB,LAKSHADWEEP,5
41,HARYANA,LAKSHADWEEP,5
42,RAJASTHAN,LAKSHADWEEP,5
43,DAMAN & DIU,PUNJAB,6
44,DADRA & NAGAR HAVELI,NAGALAND,6
45,GUJARAT,MIZORAM,6
46,CHANDIGARH,TRIPURA,6
47,PUDUCHERRY,MEGHALAYA,6
48,DADRA & NAGAR HAVELI,ASSAM,6
49,PUDUCHERRY,DAMAN & DIU,6
50,ANDAMAN & NICOBAR ISLANDS,DADRA & NAGAR HAVELI,6
51,DADRA & NAGAR HAVELI,HIMACHAL PRADESH,7
52,DADRA & NAGAR HAVELI,CHANDIGARH,7
53,DADRA & NAGAR HAVELI,HARYANA,7
54,CHANDIGARH,ARUNACHAL PRADESH,7
55,DADRA & NAGAR HAVELI,JHARKHAND,7
56,PUDUCHERRY,DADRA & NAGAR HAVELI,7
57,NAGALAND,PUDUCHERRY,7
58,PUDUCHERRY,JAMMU & KASHMIR,8
59,NCT OF DELHI,NAGALAND,8
60,CHANDIGARH,MANIPUR,8
61,SIKKIM,TRIPURA,8
62,LAKSHADWEEP,TRIPURA,8
63,LAKSHADWEEP,GUJARAT,8
64,DAMAN & DIU,BIHAR,9
65,UTTAR PRADESH,LAKSHADWEEP,9
66,DAMAN & DIU,CHANDIGARH,10
67,CHHATTISGARH,MIZORAM,10
68,DAMAN & DIU,ODISHA,10
69,MANIPUR,DAMAN & DIU,10
70,ARUNACHAL PRADESH,DADRA & NAGAR HAVELI,10
71,BIHAR,LAKSHADWEEP,10
72,MIZORAM,ANDAMAN & NICOBAR ISLANDS,10
73,PUDUCHERRY,NAGALAND,11
74,ANDAMAN & NICOBAR ISLANDS,NAGALAND,11
75,DADRA & NAGAR HAVELI,ANDHRA PRADESH,11
76,CHANDIGARH,PUDUCHERRY,11
77,DAMAN & DIU,ANDAMAN & NICOBAR ISLANDS,11
78,GOA,MANIPUR,12
79,PUDUCHERRY,ASSAM,12
80,LAKSHADWEEP,ODISHA,12
81,HIMACHAL PRADESH,PUDUCHERRY,12
82,SIKKIM,PUDUCHERRY,12
83,SIKKIM,ANDAMAN & NICOBAR ISLANDS,12
84,LAKSHADWEEP,HIMACHAL PRADESH,13
85,LAKSHADWEEP,ANDAMAN & NICOBAR ISLANDS,13
86,DAMAN & DIU,WEST BENGAL,14
87,MIZORAM,CHHATTISGARH,14
88,LAKSHADWEEP,CHHATTISGARH,14
89,LAKSHADWEEP,GOA,14
90,MEGHALAYA,PUDUCHERRY,14
91,ARUNACHAL PRADESH,ANDAMAN & NICOBAR ISLANDS,14
92,ANDAMAN & NICOBAR ISLANDS,MANIPUR,15
93,HIMACHAL PRADESH,MIZORAM,15
94,PUDUCHERRY,TRIPURA,15
95,GOA,MEGHALAYA,15
96,MANIPUR,ANDAMAN & NICOBAR ISLANDS,15
97,LAKSHADWEEP,JHARKHAND,16
98,ARUNACHAL PRADESH,GOA,16
99,SIKKIM,MIZORAM,17
100,ARUNACHAL PRADESH,PUDUCHERRY,17
101,CHHATTISGARH,PUDUCHERRY,17
102,NAGALAND,ANDAMAN & NICOBAR ISLANDS,17
103,PUDUCHERRY,CHHATTISGARH,18
104,ODISHA,LAKSHADWEEP,18
105,MADHYA PRADESH,LAKSHADWEEP,18
106,MEGHALAYA,ANDAMAN & NICOBAR ISLANDS,18
107,GOA,ARUNACHAL PRADESH,19
108,GOA,NAGALAND,19
109,GUJARAT,MANIPUR,19
110,DAMAN & DIU,CHHATTISGARH,20
111,CHANDIGARH,DADRA & NAGAR HAVELI,20
112,TRIPURA,GOA,20
113,DADRA & NAGAR HAVELI,GOA,20
114,DADRA & NAGAR HAVELI,KERALA,20
115,CHANDIGARH,ANDAMAN & NICOBAR ISLANDS,20
116,MIZORAM,GOA,21
117,PUDUCHERRY,CHANDIGARH,22
118,DAMAN & DIU,UTTAR PRADESH,22
119,ANDAMAN & NICOBAR ISLANDS,BIHAR,22
120,ODISHA,MANIPUR,22
121,JAMMU & KASHMIR,MIZORAM,22
122,MIZORAM,GUJARAT,22
123,NCT OF DELHI,LAKSHADWEEP,22
124,DADRA & NAGAR HAVELI,ODISHA,23
125,MANIPUR,DADRA & NAGAR HAVELI,23
126,SIKKIM,GOA,23
127,ANDAMAN & NICOBAR ISLANDS,JAMMU & KASHMIR,24
128,DAMAN & DIU,HIMACHAL PRADESH,24
129,MIZORAM,BIHAR,24
130,SIKKIM,MANIPUR,24
131,DAMAN & DIU,KERALA,24
132,GOA,ASSAM,25
133,ANDAMAN & NICOBAR ISLANDS,LAKSHADWEEP,25
134,LAKSHADWEEP,UTTARAKHAND,26
135,DAMAN & DIU,SIKKIM,26
136,DAMAN & DIU,TAMIL NADU,26
137,MIZORAM,JAMMU & KASHMIR,28
138,DAMAN & DIU,HARYANA,28
139,CHANDIGARH,SIKKIM,28
140,MANIPUR,PUDUCHERRY,28
141,DAMAN & DIU,NCT OF DELHI,29
142,GOA,SIKKIM,29
143,LAKSHADWEEP,ANDHRA PRADESH,29
144,TRIPURA,PUDUCHERRY,29
145,TRIPURA,DAMAN & DIU,30
146,PUDUCHERRY,GOA,30
147,UTTARAKHAND,PUDUCHERRY,30
148,LAKSHADWEEP,JAMMU & KASHMIR,31
149,NAGALAND,CHANDIGARH,31
150,CHANDIGARH,NAGALAND,31
151,ANDAMAN & NICOBAR ISLANDS,DAMAN & DIU,31
152,DAMAN & DIU,ANDHRA PRADESH,31
153,HIMACHAL PRADESH,ANDAMAN & NICOBAR ISLANDS,32
154,KERALA,MANIPUR,33
155,DADRA & NAGAR HAVELI,MADHYA PRADESH,33
156,PUDUCHERRY,MADHYA PRADESH,33
157,ANDAMAN & NICOBAR ISLANDS,HIMACHAL PRADESH,34
158,LAKSHADWEEP,HARYANA,34
159,HIMACHAL PRADESH,MANIPUR,34
160,MADHYA PRADESH,MANIPUR,34
161,ANDAMAN & NICOBAR ISLANDS,ASSAM,34
162,PUDUCHERRY,JHARKHAND,34
163,MIZORAM,ODISHA,34
164,PUDUCHERRY,ANDAMAN & NICOBAR ISLANDS,34
165,PUNJAB,MANIPUR,35
166,UTTARAKHAND,MANIPUR,35
167,MEGHALAYA,GOA,35
168,HIMACHAL PRADESH,TRIPURA,36
169,CHHATTISGARH,TRIPURA,36
170,LAKSHADWEEP,WEST BENGAL,36
171,CHANDIGARH,DAMAN & DIU,36
172,DADRA & NAGAR HAVELI,KARNATAKA,36
173,JAMMU & KASHMIR,PUDUCHERRY,36
174,JAMMU & KASHMIR,MANIPUR,37
175,JAMMU & KASHMIR,DADRA & NAGAR HAVELI,37
176,ANDHRA PRADESH,MANIPUR,38
177,ODISHA,MIZORAM,38
178,MIZORAM,SIKKIM,39
179,CHANDIGARH,MEGHALAYA,39
180,HARYANA,MANIPUR,40
181,MIZORAM,CHANDIGARH,41
182,TRIPURA,CHANDIGARH,41
183,DAMAN & DIU,UTTARAKHAND,41
184,JHARKHAND,MANIPUR,41
185,WEST BENGAL,LAKSHADWEEP,41
186,ANDHRA PRADESH,LAKSHADWEEP,41
187,DAMAN & DIU,KARNATAKA,44
188,LAKSHADWEEP,TAMIL NADU,44
189,DADRA & NAGAR HAVELI,NCT OF DELHI,45
190,CHHATTISGARH,SIKKIM,45
191,LAKSHADWEEP,ASSAM,45
192,SIKKIM,CHHATTISGARH,45
193,JAMMU & KASHMIR,DAMAN & DIU,45
194,SIKKIM,CHANDIGARH,46
195,PUDUCHERRY,RAJASTHAN,46
196,CHHATTISGARH,MEGHALAYA,46
197,DADRA & NAGAR HAVELI,UTTARAKHAND,47
198,PUNJAB,MIZORAM,47
199,MADHYA PRADESH,MIZORAM,48
200,PUDUCHERRY,UTTARAKHAND,49
201,GUJARAT,LAKSHADWEEP,49
202,JAMMU & KASHMIR,ANDAMAN & NICOBAR ISLANDS,49
203,TRIPURA,ANDAMAN & NICOBAR ISLANDS,50
204,ARUNACHAL PRADESH,CHANDIGARH,51
205,LAKSHADWEEP,DAMAN & DIU,51
206,NAGALAND,GOA,51
207,MIZORAM,HIMACHAL PRADESH,53
208,GOA,CHANDIGARH,53
209,JHARKHAND,PUDUCHERRY,53
210,NAGALAND,JAMMU & KASHMIR,55
211,PUNJAB,TRIPURA,55
212,LAKSHADWEEP,MADHYA PRADESH,55
213,LAKSHADWEEP,DADRA & NAGAR HAVELI,55
214,LAKSHADWEEP,RAJASTHAN,57
215,MANIPUR,CHHATTISGARH,57
216,DAMAN & DIU,RAJASTHAN,58
217,PUDUCHERRY,BIHAR,58
218,CHHATTISGARH,ARUNACHAL PRADESH,58
219,HARYANA,MIZORAM,58
220,KARNATAKA,MIZORAM,59
221,GOA,DAMAN & DIU,59
222,HARYANA,PUDUCHERRY,62
223,TRIPURA,HIMACHAL PRADESH,63
224,ANDAMAN & NICOBAR ISLANDS,UTTARAKHAND,63
225,ARUNACHAL PRADESH,MANIPUR,63
226,ANDHRA PRADESH,MIZORAM,64
227,SIKKIM,JAMMU & KASHMIR,65
228,TAMIL NADU,MIZORAM,66
229,HIMACHAL PRADESH,DAMAN & DIU,66
230,PUDUCHERRY,PUNJAB,67
231,CHHATTISGARH,NAGALAND,67
232,SIKKIM,MEGHALAYA,67
233,GOA,PUDUCHERRY,68
234,MEGHALAYA,CHHATTISGARH,69
235,RAJASTHAN,MIZORAM,70
236,CHANDIGARH,GOA,70
237,DADRA & NAGAR HAVELI,RAJASTHAN,71
238,TRIPURA,SIKKIM,73
239,GUJARAT,ARUNACHAL PRADESH,74
240,SIKKIM,GUJARAT,74
241,HARYANA,TRIPURA,75
242,DAMAN & DIU,LAKSHADWEEP,75
243,GOA,JAMMU & KASHMIR,76
244,SIKKIM,KERALA,76
245,GOA,HIMACHAL PRADESH,77
246,LAKSHADWEEP,NCT OF DELHI,77
247,TRIPURA,BIHAR,77
248,KARNATAKA,LAKSHADWEEP,77
249,MIZORAM,KERALA,77
250,NAGALAND,HIMACHAL PRADESH,78
251,PUDUCHERRY,ODISHA,78
252,NAGALAND,CHHATTISGARH,78
253,ARUNACHAL PRADESH,JAMMU & KASHMIR,79
254,ANDAMAN & NICOBAR ISLANDS,SIKKIM,79
255,GUJARAT,NAGALAND,80
256,MAHARASHTRA,MIZORAM,80
257,SIKKIM,JHARKHAND,80
258,MIZORAM,JHARKHAND,81
259,UTTARAKHAND,ANDAMAN & NICOBAR ISLANDS,81
260,ANDAMAN & NICOBAR ISLANDS,CHANDIGARH,83
261,HIMACHAL PRADESH,DADRA & NAGAR HAVELI,85
262,SIKKIM,NAGALAND,86
263,TRIPURA,CHHATTISGARH,86
264,ANDAMAN & NICOBAR ISLANDS,MADHYA PRADESH,86
265,GUJARAT,SIKKIM,87
266,SIKKIM,ARUNACHAL PRADESH,87
267,ANDAMAN & NICOBAR ISLANDS,PUDUCHERRY,88
268,MEGHALAYA,JAMMU & KASHMIR,89
269,PUDUCHERRY,UTTAR PRADESH,90
270,ARUNACHAL PRADESH,MIZORAM,91
271,GOA,DADRA & NAGAR HAVELI,91
272,MIZORAM,HARYANA,92
273,MADHYA PRADESH,TRIPURA,93
274,UTTARAKHAND,MIZORAM,95
275,DADRA & NAGAR HAVELI,TAMIL NADU,96
276,PUNJAB,PUDUCHERRY,96
277,PUDUCHERRY,WEST BENGAL,97
278,JAMMU & KASHMIR,TRIPURA,99
279,UTTARAKHAND,TRIPURA,100
280,KERALA,TRIPURA,100
281,TAMIL NADU,MANIPUR,101
282,PUDUCHERRY,HARYANA,102
283,KARNATAKA,TRIPURA,102
284,MANIPUR,JAMMU & KASHMIR,103
285,KERALA,MIZORAM,103
286,MEGHALAYA,CHANDIGARH,104
287,SIKKIM,ODISHA,104
288,NAGALAND,JHARKHAND,105
289,TAMIL NADU,SIKKIM,106
290,MEGHALAYA,HIMACHAL PRADESH,109
291,HARYANA,DAMAN & DIU,110
292,GOA,BIHAR,112
293,DAMAN & DIU,GOA,112
294,GUJARAT,TRIPURA,113
295,LAKSHADWEEP,PUNJAB,115
296,DADRA & NAGAR HAVELI,LAKSHADWEEP,115
297,MANIPUR,HIMACHAL PRADESH,116
298,TRIPURA,MANIPUR,116
299,ARUNACHAL PRADESH,JHARKHAND,116
300,DADRA & NAGAR HAVELI,DAMAN & DIU,116
301,SIKKIM,ANDHRA PRADESH,117
302,DADRA & NAGAR HAVELI,UTTAR PRADESH,119
303,ANDAMAN & NICOBAR ISLANDS,PUNJAB,120
304,ARUNACHAL PRADESH,CHHATTISGARH,120
305,NAGALAND,SIKKIM,121
306,KERALA,SIKKIM,123
307,ARUNACHAL PRADESH,ANDHRA PRADESH,123
308,DADRA & NAGAR HAVELI,WEST BENGAL,125
309,MANIPUR,JHARKHAND,125
310,DAMAN & DIU,MADHYA PRADESH,125
311,NCT OF DELHI,MIZORAM,126
312,MIZORAM,MADHYA PRADESH,126
313,MIZORAM,UTTAR PRADESH,127
314,ANDHRA PRADESH,TRIPURA,127
315,ANDAMAN & NICOBAR ISLANDS,RAJASTHAN,128
316,TRIPURA,KERALA,129
317,KARNATAKA,MANIPUR,130
318,PUNJAB,DAMAN & DIU,130
319,CHANDIGARH,JHARKHAND,131
320,GOA,CHHATTISGARH,134
321,ANDAMAN & NICOBAR ISLANDS,HARYANA,135
322,TRIPURA,JAMMU & KASHMIR,137
323,KARNATAKA,ARUNACHAL PRADESH,138
324,MIZORAM,ANDHRA PRADESH,138
325,MADHYA PRADESH,ANDAMAN & NICOBAR ISLANDS,138
326,ANDAMAN & NICOBAR ISLANDS,ODISHA,141
327,SIKKIM,TAMIL NADU,142
328,MADHYA PRADESH,PUDUCHERRY,143
329,GOA,UTTARAKHAND,144
330,MADHYA PRADESH,ARUNACHAL PRADESH,146
331,ODISHA,TRIPURA,146
332,MIZORAM,TAMIL NADU,146
333,KARNATAKA,SIKKIM,152
334,HIMACHAL PRADESH,MEGHALAYA,152
335,CHANDIGARH,ASSAM,152
336,RAJASTHAN,MANIPUR,153
337,SIKKIM,MADHYA PRADESH,153
338,NAGALAND,GUJARAT,155
339,ANDAMAN & NICOBAR ISLANDS,JHARKHAND,156
340,ARUNACHAL PRADESH,GUJARAT,156
341,MAHARASHTRA,MANIPUR,159
342,RAJASTHAN,TRIPURA,159
343,GUJARAT,MEGHALAYA,159
344,MEGHALAYA,BIHAR,164
345,ANDAMAN & NICOBAR ISLANDS,CHHATTISGARH,167
346,ARUNACHAL PRADESH,MADHYA PRADESH,167
347,ASSAM,ANDAMAN & NICOBAR ISLANDS,168
348,MIZORAM,UTTARAKHAND,169
349,HIMACHAL PRADESH,ARUNACHAL PRADESH,170
350,MEGHALAYA,JHARKHAND,171
351,NAGALAND,ANDHRA PRADESH,171
352,WEST BENGAL,MANIPUR,172
353,NCT OF DELHI,TRIPURA,172
354,TRIPURA,JHARKHAND,172
355,RAJASTHAN,ANDAMAN & NICOBAR ISLANDS,172
356,ANDHRA PRADESH,ARUNACHAL PRADESH,173
357,ARUNACHAL PRADESH,TRIPURA,174
358,MANIPUR,BIHAR,179
359,MAHARASHTRA,TRIPURA,179
360,MEGHALAYA,ODISHA,179
361,LAKSHADWEEP,KARNATAKA,179
362,GUJARAT,ANDAMAN & NICOBAR ISLANDS,179
363,DADRA & NAGAR HAVELI,BIHAR,182
364,SIKKIM,HARYANA,185
365,ASSAM,PUDUCHERRY,185
366,MEGHALAYA,SIKKIM,187
367,GOA,JHARKHAND,189
368,MANIPUR,ODISHA,189
369,GOA,ANDAMAN & NICOBAR ISLANDS,189
370,TAMIL NADU,ARUNACHAL PRADESH,192
371,TAMIL NADU,TRIPURA,192
372,SIKKIM,PUNJAB,193
373,NAGALAND,MADHYA PRADESH,194
374,PUNJAB,SIKKIM,196
375,CHANDIGARH,CHHATTISGARH,198
376,CHANDIGARH,BIHAR,201
377,SIKKIM,BIHAR,201
378,TRIPURA,ANDHRA PRADESH,201
379,MANIPUR,GOA,202
380,SIKKIM,RAJASTHAN,204
381,MADHYA PRADESH,NAGALAND,204
382,MAHARASHTRA,SIKKIM,206
383,LAKSHADWEEP,MAHARASHTRA,206
384,HIMACHAL PRADESH,GOA,207
385,PUNJAB,ANDAMAN & NICOBAR ISLANDS,209
386,ANDAMAN & NICOBAR ISLANDS,UTTAR PRADESH,210
387,CHANDIGARH,ODISHA,211
388,HARYANA,DADRA & NAGAR HAVELI,213
389,PUDUCHERRY,GUJARAT,214
390,HARYANA,ANDAMAN & NICOBAR ISLANDS,214
391,JAMMU & KASHMIR,ARUNACHAL PRADESH,220
392,JAMMU & KASHMIR,NAGALAND,220
393,MIZORAM,ARUNACHAL PRADESH,225
394,ARUNACHAL PRADESH,BIHAR,226
395,HARYANA,SIKKIM,227
396,MEGHALAYA,KERALA,231
397,PUNJAB,ARUNACHAL PRADESH,232
398,PUNJAB,DADRA & NAGAR HAVELI,232
399,TAMIL NADU,NAGALAND,235
400,TAMIL NADU,MEGHALAYA,236
401,SIKKIM,ASSAM,237
402,ARUNACHAL PRADESH,PUNJAB,238
403,HARYANA,ARUNACHAL PRADESH,238
404,HIMACHAL PRADESH,NAGALAND,239
405,CHHATTISGARH,ASSAM,239
406,ARUNACHAL PRADESH,HARYANA,240
407,UTTARAKHAND,ARUNACHAL PRADESH,240
408,GOA,WEST BENGAL,242
409,NAGALAND,MIZORAM,245
410,MIZORAM,PUNJAB,246
411,PUDUCHERRY,NCT OF DELHI,246
412,UTTARAKHAND,SIKKIM,246
413,ANDAMAN & NICOBAR ISLANDS,GUJARAT,246
414,GOA,PUNJAB,248
415,NCT OF DELHI,ARUNACHAL PRADESH,248
416,TRIPURA,ODISHA,248
417,ARUNACHAL PRADESH,RAJASTHAN,250
418,CHANDIGARH,KERALA,250
419,TRIPURA,MADHYA PRADESH,252
420,HIMACHAL PRADESH,KERALA,252
421,TRIPURA,TAMIL NADU,252
422,RAJASTHAN,SIKKIM,255
423,TRIPURA,PUNJAB,256
424,UTTAR PRADESH,MANIPUR,258
425,CHHATTISGARH,DADRA & NAGAR HAVELI,259
426,TAMIL NADU,DAMAN & DIU,262
427,MIZORAM,NAGALAND,263
428,ANDAMAN & NICOBAR ISLANDS,GOA,263
429,ANDHRA PRADESH,NAGALAND,264
430,MEGHALAYA,MADHYA PRADESH,273
431,CHHATTISGARH,DAMAN & DIU,273
432,NAGALAND,HARYANA,275
433,SIKKIM,UTTAR PRADESH,275
434,ANDHRA PRADESH,DAMAN & DIU,281
435,MAHARASHTRA,ARUNACHAL PRADESH,286
436,TAMIL NADU,LAKSHADWEEP,286
437,GOA,ODISHA,288
438,TRIPURA,UTTAR PRADESH,289
439,HARYANA,MEGHALAYA,291
440,WEST BENGAL,MIZORAM,292
441,TRIPURA,UTTARAKHAND,295
442,HIMACHAL PRADESH,ASSAM,295
443,UTTAR PRADESH,MIZORAM,296
444,MEGHALAYA,ANDHRA PRADESH,296
445,ARUNACHAL PRADESH,ODISHA,300
446,NAGALAND,TAMIL NADU,300
447,MIZORAM,RAJASTHAN,304
448,ANDHRA PRADESH,MEGHALAYA,304
449,MEGHALAYA,HARYANA,305
450,ARUNACHAL PRADESH,TAMIL NADU,306
451,HARYANA,NAGALAND,307
452,NAGALAND,ODISHA,307
453,NAGALAND,BIHAR,311
454,MEGHALAYA,PUNJAB,313
455,JHARKHAND,MEGHALAYA,313
456,LAKSHADWEEP,UTTAR PRADESH,316
457,HIMACHAL PRADESH,SIKKIM,317
458,PUNJAB,NAGALAND,318
459,UTTARAKHAND,DAMAN & DIU,318
460,MADHYA PRADESH,MEGHALAYA,319
461,NCT OF DELHI,ANDAMAN & NICOBAR ISLANDS,323
462,MANIPUR,TRIPURA,324
463,NCT OF DELHI,SIKKIM,329
464,ODISHA,MEGHALAYA,331
465,NCT OF DELHI,DAMAN & DIU,335
466,ANDHRA PRADESH,SIKKIM,336
467,MIZORAM,MANIPUR,336
468,KARNATAKA,ANDAMAN & NICOBAR ISLANDS,336
469,JAMMU & KASHMIR,MEGHALAYA,344
470,MIZORAM,MAHARASHTRA,344
471,CHANDIGARH,JAMMU & KASHMIR,346
472,BIHAR,PUDUCHERRY,347
473,TRIPURA,ARUNACHAL PRADESH,349
474,NAGALAND,TRIPURA,349
475,GOA,RAJASTHAN,353
476,NAGALAND,PUNJAB,356
477,NAGALAND,UTTARAKHAND,358
478,SIKKIM,UTTARAKHAND,360
479,SIKKIM,MAHARASHTRA,360
480,MIZORAM,KARNATAKA,360
481,KARNATAKA,MEGHALAYA,364
482,MIZORAM,WEST BENGAL,367
483,ARUNACHAL PRADESH,KERALA,369
484,HIMACHAL PRADESH,ODISHA,372
485,MANIPUR,GUJARAT,376
486,HIMACHAL PRADESH,TAMIL NADU,377
487,CHHATTISGARH,ANDAMAN & NICOBAR ISLANDS,377
488,MEGHALAYA,UTTARAKHAND,382
489,KERALA,CHANDIGARH,385
490,MADHYA PRADESH,SIKKIM,389
491,NAGALAND,RAJASTHAN,390
492,MANIPUR,KERALA,390
493,MEGHALAYA,GUJARAT,392
494,GOA,HARYANA,396
495,TRIPURA,RAJASTHAN,398
496,MAHARASHTRA,NAGALAND,398
497,KARNATAKA,DAMAN & DIU,400
498,MEGHALAYA,TAMIL NADU,401
499,TRIPURA,GUJARAT,402
500,TAMIL NADU,DADRA & NAGAR HAVELI,407
501,ANDAMAN & NICOBAR ISLANDS,NCT OF DELHI,408
502,CHANDIGARH,MADHYA PRADESH,409
503,MANIPUR,RAJASTHAN,410
504,ARUNACHAL PRADESH,SIKKIM,410
505,KARNATAKA,NAGALAND,417
506,JAMMU & KASHMIR,GOA,418
507,MANIPUR,SIKKIM,419
508,PUNJAB,MEGHALAYA,425
509,MANIPUR,MADHYA PRADESH,431
510,NCT OF DELHI,MANIPUR,436
511,LAKSHADWEEP,BIHAR,438
512,GOA,MADHYA PRADESH,438
513,UTTARAKHAND,GOA,442
514,CHANDIGARH,WEST BENGAL,443
515,MANIPUR,CHANDIGARH,445
516,GOA,UTTAR PRADESH,449
517,MANIPUR,HARYANA,450
518,MEGHALAYA,MANIPUR,450
519,NAGALAND,UTTAR PRADESH,452
520,KERALA,HIMACHAL PRADESH,454
521,NCT OF DELHI,DADRA & NAGAR HAVELI,455
522,MEGHALAYA,TRIPURA,458
523,TAMIL NADU,HIMACHAL PRADESH,460
524,UTTARAKHAND,DADRA & NAGAR HAVELI,463
525,NCT OF DELHI,PUDUCHERRY,466
526,KERALA,DAMAN & DIU,468
527,ODISHA,SIKKIM,470
528,MEGHALAYA,ARUNACHAL PRADESH,471
529,MIZORAM,NCT OF DELHI,476
530,WEST BENGAL,PUDUCHERRY,480
531,MAHARASHTRA,LAKSHADWEEP,481
532,ODISHA,NAGALAND,490
533,KERALA,MEGHALAYA,490
534,MAHARASHTRA,MEGHALAYA,492
535,UTTARAKHAND,ODISHA,494
536,UTTARAKHAND,KERALA,506
537,ARUNACHAL PRADESH,UTTAR PRADESH,508
538,UTTAR PRADESH,PUDUCHERRY,511
539,ODISHA,ANDAMAN & NICOBAR ISLANDS,515
540,JHARKHAND,MIZORAM,520
541,PUNJAB,GOA,522
542,RAJASTHAN,PUDUCHERRY,522
543,JAMMU & KASHMIR,ASSAM,523
544,ARUNACHAL PRADESH,MAHARASHTRA,530
545,ANDHRA PRADESH,DADRA & NAGAR HAVELI,532
546,NAGALAND,KERALA,532
547,MANIPUR,PUNJAB,538
548,KERALA,ARUNACHAL PRADESH,558
549,KERALA,NAGALAND,566
550,CHANDIGARH,TAMIL NADU,569
551,SIKKIM,NCT OF DELHI,576
552,GOA,NCT OF DELHI,581
553,SIKKIM,HIMACHAL PRADESH,584
554,BIHAR,MIZORAM,601
555,UTTARAKHAND,TAMIL NADU,603
556,UTTARAKHAND,ASSAM,605
557,KARNATAKA,ASSAM,607
558,UTTARAKHAND,BIHAR,609
559,UTTARAKHAND,NAGALAND,620
560,ARUNACHAL PRADESH,NAGALAND,620
561,KERALA,BIHAR,621
562,MEGHALAYA,UTTAR PRADESH,628
563,JHARKHAND,ARUNACHAL PRADESH,628
564,DAMAN & DIU,DADRA & NAGAR HAVELI,629
565,MANIPUR,UTTARAKHAND,631
566,JHARKHAND,NAGALAND,636
567,HIMACHAL PRADESH,ANDHRA PRADESH,644
568,KARNATAKA,DADRA & NAGAR HAVELI,647
569,BIHAR,ANDAMAN & NICOBAR ISLANDS,651
570,HARYANA,GOA,654
571,GUJARAT,JAMMU & KASHMIR,658
572,PUDUCHERRY,MAHARASHTRA,658
573,ARUNACHAL PRADESH,MEGHALAYA,661
574,KARNATAKA,JAMMU & KASHMIR,665
575,CHANDIGARH,ANDHRA PRADESH,666
576,KERALA,JAMMU & KASHMIR,674
577,TAMIL NADU,ASSAM,683
578,JAMMU & KASHMIR,SIKKIM,687
579,ARUNACHAL PRADESH,HIMACHAL PRADESH,695
580,UTTARAKHAND,MEGHALAYA,695
581,NAGALAND,MANIPUR,703
582,ANDAMAN & NICOBAR ISLANDS,KARNATAKA,706
583,RAJASTHAN,MEGHALAYA,707
584,HIMACHAL PRADESH,JHARKHAND,707
585,TAMIL NADU,JAMMU & KASHMIR,711
586,KERALA,ASSAM,717
587,CHHATTISGARH,CHANDIGARH,735
588,RAJASTHAN,ARUNACHAL PRADESH,736
589,CHHATTISGARH,GOA,749
590,ODISHA,ARUNACHAL PRADESH,762
591,UTTARAKHAND,JHARKHAND,762
592,GUJARAT,PUDUCHERRY,770
593,NAGALAND,ARUNACHAL PRADESH,779
594,MEGHALAYA,MIZORAM,781
595,MANIPUR,UTTAR PRADESH,790
596,KERALA,DADRA & NAGAR HAVELI,800
597,TAMIL NADU,BIHAR,802
598,JAMMU & KASHMIR,JHARKHAND,804
599,GUJARAT,ASSAM,805
600,SIKKIM,KARNATAKA,806
601,ANDAMAN & NICOBAR ISLANDS,WEST BENGAL,811
602,TRIPURA,HARYANA,819
603,ODISHA,CHANDIGARH,828
604,MADHYA PRADESH,ASSAM,842
605,DAMAN & DIU,MAHARASHTRA,855
606,MAHARASHTRA,ANDAMAN & NICOBAR ISLANDS,855
607,NAGALAND,MAHARASHTRA,856
608,ARUNACHAL PRADESH,UTTARAKHAND,875
609,TRIPURA,NCT OF DELHI,888
610,MANIPUR,ARUNACHAL PRADESH,888
611,HIMACHAL PRADESH,WEST BENGAL,897
612,RAJASTHAN,NAGALAND,909
613,MANIPUR,TAMIL NADU,913
614,MANIPUR,ANDHRA PRADESH,919
615,BIHAR,MANIPUR,927
616,ARUNACHAL PRADESH,NCT OF DELHI,937
617,TRIPURA,MEGHALAYA,940
618,TRIPURA,NAGALAND,942
619,HIMACHAL PRADESH,CHHATTISGARH,942
620,KARNATAKA,HIMACHAL PRADESH,945
621,MEGHALAYA,RAJASTHAN,948
622,ANDHRA PRADESH,CHANDIGARH,949
623,MEGHALAYA,NAGALAND,951
624,UTTAR PRADESH,TRIPURA,954
625,NAGALAND,KARNATAKA,961
626,CHANDIGARH,GUJARAT,967
627,GOA,GUJARAT,973
628,ODISHA,PUDUCHERRY,999
629,GOA,TAMIL NADU,1002
630,TRIPURA,MAHARASHTRA,1007
631,MAHARASHTRA,PUDUCHERRY,1024
632,ANDHRA PRADESH,BIHAR,1028
633,KARNATAKA,CHANDIGARH,1046
634,ODISHA,JAMMU & KASHMIR,1049
635,TAMIL NADU,UTTARAKHAND,1050
636,PUNJAB,ASSAM,1052
637,HIMACHAL PRADESH,BIHAR,1061
638,NAGALAND,MEGHALAYA,1061
639,HARYANA,ASSAM,1069
640,GUJARAT,HIMACHAL PRADESH,1070
641,GUJARAT,CHANDIGARH,1074
642,UTTARAKHAND,ANDHRA PRADESH,1083
643,KERALA,UTTARAKHAND,1085
644,JHARKHAND,SIKKIM,1094
645,JAMMU & KASHMIR,ODISHA,1101
646,TAMIL NADU,CHANDIGARH,1113
647,UTTAR PRADESH,SIKKIM,1115
648,MIZORAM,MEGHALAYA,1145
649,MEGHALAYA,MAHARASHTRA,1149
650,ASSAM,JAMMU & KASHMIR,1154
651,CHANDIGARH,RAJASTHAN,1161
652,DADRA & NAGAR HAVELI,MAHARASHTRA,1165
653,ANDHRA PRADESH,JAMMU & KASHMIR,1168
654,KARNATAKA,BIHAR,1193
655,ASSAM,GOA,1194
656,UTTAR PRADESH,ANDAMAN & NICOBAR ISLANDS,1220
657,ARUNACHAL PRADESH,WEST BENGAL,1226
658,CHHATTISGARH,BIHAR,1229
659,NAGALAND,NCT OF DELHI,1240
660,UTTARAKHAND,CHHATTISGARH,1275
661,HARYANA,KERALA,1282
662,ASSAM,HIMACHAL PRADESH,1293
663,KARNATAKA,UTTARAKHAND,1301
664,MANIPUR,WEST BENGAL,1306
665,LAKSHADWEEP,KERALA,1307
666,ANDAMAN & NICOBAR ISLANDS,KERALA,1317
667,JHARKHAND,JAMMU & KASHMIR,1324
668,ASSAM,DADRA & NAGAR HAVELI,1339
669,KERALA,JHARKHAND,1341
670,ANDHRA PRADESH,HIMACHAL PRADESH,1344
671,KARNATAKA,JHARKHAND,1361
672,ASSAM,CHANDIGARH,1364
673,CHHATTISGARH,TAMIL NADU,1386
674,MEGHALAYA,NCT OF DELHI,1400
675,ANDHRA PRADESH,ASSAM,1402
676,KERALA,ANDAMAN & NICOBAR ISLANDS,1414
677,JAMMU & KASHMIR,KERALA,1423
678,CHHATTISGARH,KERALA,1431
679,MIZORAM,ASSAM,1469
680,MEGHALAYA,KARNATAKA,1474
681,PUNJAB,KERALA,1495
682,ASSAM,CHHATTISGARH,1502
683,WEST BENGAL,NAGALAND,1503
684,JHARKHAND,ANDAMAN & NICOBAR ISLANDS,1506
685,TRIPURA,KARNATAKA,1526
686,ASSAM,DAMAN & DIU,1529
687,MAHARASHTRA,ASSAM,1558
688,GOA,ANDHRA PRADESH,1560
689,CHANDIGARH,UTTARAKHAND,1561
690,ANDAMAN & NICOBAR ISLANDS,MAHARASHTRA,1567
691,ODISHA,ASSAM,1573
692,PUDUCHERRY,KARNATAKA,1576
693,KARNATAKA,CHHATTISGARH,1579
694,HARYANA,JHARKHAND,1588
695,JAMMU & KASHMIR,BIHAR,1599
696,ASSAM,SIKKIM,1604
697,GOA,KERALA,1618
698,NAGALAND,WEST BENGAL,1625
699,TAMIL NADU,JHARKHAND,1634
700,CHANDIGARH,KARNATAKA,1638
701,UTTAR PRADESH,MEGHALAYA,1652
702,KARNATAKA,PUDUCHERRY,1667
703,UTTARAKHAND,WEST BENGAL,1669
704,JHARKHAND,CHANDIGARH,1671
705,MIZORAM,TRIPURA,1672
706,ARUNACHAL PRADESH,KARNATAKA,1710
707,NCT OF DELHI,ASSAM,1711
708,ANDAMAN & NICOBAR ISLANDS,ANDHRA PRADESH,1714
709,UTTARAKHAND,JAMMU & KASHMIR,1731
710,NCT OF DELHI,GOA,1765
711,JHARKHAND,ASSAM,1770
712,JAMMU & KASHMIR,ANDHRA PRADESH,1785
713,WEST BENGAL,MEGHALAYA,1816
714,MADHYA PRADESH,GOA,1833
715,HARYANA,ODISHA,1841
716,JHARKHAND,DADRA & NAGAR HAVELI,1859
717,CHHATTISGARH,UTTARAKHAND,1870
718,UTTAR PRADESH,NAGALAND,1918
719,GUJARAT,GOA,1943
720,WEST BENGAL,TRIPURA,1964
721,HIMACHAL PRADESH,GUJARAT,1967
722,MADHYA PRADESH,CHANDIGARH,2009
723,CHANDIGARH,MAHARASHTRA,2051
724,MANIPUR,MAHARASHTRA,2063
725,JAMMU & KASHMIR,WEST BENGAL,2096
726,ASSAM,JHARKHAND,2128
727,TAMIL NADU,CHHATTISGARH,2160
728,KERALA,ODISHA,2169
729,GUJARAT,JHARKHAND,2196
730,ANDHRA PRADESH,UTTARAKHAND,2197
731,HIMACHAL PRADESH,MADHYA PRADESH,2197
732,JHARKHAND,KERALA,2197
733,JAMMU & KASHMIR,TAMIL NADU,2207
734,ODISHA,UTTARAKHAND,2246
735,MAHARASHTRA,JAMMU & KASHMIR,2294
736,ODISHA,HIMACHAL PRADESH,2295
737,HARYANA,BIHAR,2351
738,TAMIL NADU,GOA,2383
739,WEST BENGAL,DADRA & NAGAR HAVELI,2386
740,ASSAM,MANIPUR,2412
741,MADHYA PRADESH,BIHAR,2479
742,RAJASTHAN,BIHAR,2503
743,HIMACHAL PRADESH,JAMMU & KASHMIR,2505
744,PUNJAB,ODISHA,2523
745,GUJARAT,BIHAR,2559
746,ASSAM,ODISHA,2560
747,KARNATAKA,PUNJAB,2626
748,MEGHALAYA,WEST BENGAL,2630
749,NCT OF DELHI,JAMMU & KASHMIR,2646
750,ODISHA,BIHAR,2668
751,UTTAR PRADESH,ARUNACHAL PRADESH,2705
752,MAHARASHTRA,CHANDIGARH,2726
753,KERALA,WEST BENGAL,2756
754,JAMMU & KASHMIR,GUJARAT,2771
755,ASSAM,MADHYA PRADESH,2787
756,JHARKHAND,GOA,2812
757,PUDUCHERRY,ANDHRA PRADESH,2847
758,RAJASTHAN,JHARKHAND,2862
759,HARYANA,JAMMU & KASHMIR,2868
760,TAMIL NADU,PUNJAB,2904
761,PUNJAB,TAMIL NADU,2918
762,HARYANA,TAMIL NADU,2960
763,PUNJAB,ANDHRA PRADESH,2981
764,KERALA,CHHATTISGARH,2985
765,RAJASTHAN,GOA,3012
766,HIMACHAL PRADESH,KARNATAKA,3013
767,ANDAMAN & NICOBAR ISLANDS,TAMIL NADU,3015
768,KERALA,PUNJAB,3019
769,JAMMU & KASHMIR,CHANDIGARH,3026
770,WEST BENGAL,ARUNACHAL PRADESH,3030
771,HARYANA,ANDHRA PRADESH,3037
772,JHARKHAND,DAMAN & DIU,3072
773,ANDHRA PRADESH,GOA,3088
774,CHHATTISGARH,WEST BENGAL,3131
775,ASSAM,UTTARAKHAND,3141
776,GUJARAT,UTTARAKHAND,3161
777,KARNATAKA,WEST BENGAL,3192
778,CHANDIGARH,UTTAR PRADESH,3203
779,CHANDIGARH,CHANDIGARH,3248
780,MAHARASHTRA,HIMACHAL PRADESH,3281
781,KERALA,LAKSHADWEEP,3317
782,RAJASTHAN,DAMAN & DIU,3319
783,ODISHA,GOA,3341
784,PUNJAB,JHARKHAND,3372
785,WEST BENGAL,CHANDIGARH,3396
786,RAJASTHAN,JAMMU & KASHMIR,3432
787,ANDHRA PRADESH,JHARKHAND,3484
788,TAMIL NADU,WEST BENGAL,3504
789,KARNATAKA,ODISHA,3586
790,UTTARAKHAND,KARNATAKA,3586
791,JAMMU & KASHMIR,MADHYA PRADESH,3638
792,ODISHA,DADRA & NAGAR HAVELI,3669
793,WEST BENGAL,HIMACHAL PRADESH,3692
794,CHANDIGARH,NCT OF DELHI,3711
795,MANIPUR,MEGHALAYA,3730
796,WEST BENGAL,GOA,3749
797,MANIPUR,KARNATAKA,3807
798,KARNATAKA,MADHYA PRADESH,3833
799,KERALA,HARYANA,3845
800,TRIPURA,MIZORAM,3869
801,HIMACHAL PRADESH,RAJASTHAN,3879
802,HARYANA,WEST BENGAL,3888
803,CHHATTISGARH,HIMACHAL PRADESH,3908
804,JAMMU & KASHMIR,UTTARAKHAND,3938
805,MADHYA PRADESH,DADRA & NAGAR HAVELI,4007
806,ODISHA,DAMAN & DIU,4012
807,KERALA,GOA,4054
808,TAMIL NADU,ODISHA,4083
809,MANIPUR,NCT OF DELHI,4171
810,TAMIL NADU,MADHYA PRADESH,4181
811,ASSAM,ANDHRA PRADESH,4184
812,ANDHRA PRADESH,ANDAMAN & NICOBAR ISLANDS,4196
813,JAMMU & KASHMIR,CHHATTISGARH,4209
814,MADHYA PRADESH,KERALA,4226
815,RAJASTHAN,ODISHA,4235
816,MADHYA PRADESH,HIMACHAL PRADESH,4236
817,WEST BENGAL,DAMAN & DIU,4267
818,DADRA & NAGAR HAVELI,GUJARAT,4307
819,BIHAR,MEGHALAYA,4437
820,RAJASTHAN,CHANDIGARH,4456
821,MADHYA PRADESH,JAMMU & KASHMIR,4554
822,ANDHRA PRADESH,PUNJAB,4644
823,TAMIL NADU,ANDAMAN & NICOBAR ISLANDS,4765
824,WEST BENGAL,JAMMU & KASHMIR,4766
825,MADHYA PRADESH,JHARKHAND,4770
826,RAJASTHAN,DADRA & NAGAR HAVELI,4776
827,JHARKHAND,TAMIL NADU,4792
828,KERALA,RAJASTHAN,4814
829,JAMMU & KASHMIR,KARNATAKA,4835
830,TAMIL NADU,HARYANA,4863
831,CHHATTISGARH,KARNATAKA,4883
832,PUNJAB,BIHAR,4892
833,NCT OF DELHI,JHARKHAND,4896
834,CHHATTISGARH,RAJASTHAN,4911
835,DAMAN & DIU,GUJARAT,4917
836,MANIPUR,MIZORAM,4925
837,RAJASTHAN,HIMACHAL PRADESH,5001
838,SIKKIM,WEST BENGAL,5035
839,CHHATTISGARH,PUNJAB,5118
840,GUJARAT,WEST BENGAL,5123
841,MANIPUR,ASSAM,5138
842,ASSAM,TAMIL NADU,5152
843,TAMIL NADU,UTTAR PRADESH,5159
844,MADHYA PRADESH,ODISHA,5225
845,ODISHA,PUNJAB,5284
846,UTTARAKHAND,MADHYA PRADESH,5284
847,TAMIL NADU,RAJASTHAN,5332
848,ASSAM,BIHAR,5335
849,NCT OF DELHI,ODISHA,5385
850,RAJASTHAN,KERALA,5433
851,BIHAR,SIKKIM,5470
852,NCT OF DELHI,CHHATTISGARH,5479
853,PUNJAB,WEST BENGAL,5510
854,TRIPURA,WEST BENGAL,5569
855,GUJARAT,PUNJAB,5593
856,MADHYA PRADESH,TAMIL NADU,5596
857,MADHYA PRADESH,WEST BENGAL,5762
858,GUJARAT,KERALA,5775
859,BIHAR,GOA,5781
860,GUJARAT,CHHATTISGARH,5785
861,UTTARAKHAND,GUJARAT,5799
862,PUNJAB,CHHATTISGARH,5894
863,HARYANA,CHHATTISGARH,5924
864,ASSAM,PUNJAB,5946
865,CHHATTISGARH,NCT OF DELHI,5993
866,KARNATAKA,UTTAR PRADESH,6079
867,ASSAM,KERALA,6102
868,KARNATAKA,HARYANA,6156
869,MAHARASHTRA,JHARKHAND,6177
870,HIMACHAL PRADESH,MAHARASHTRA,6211
871,JAMMU & KASHMIR,RAJASTHAN,6251
872,ANDHRA PRADESH,WEST BENGAL,6275
873,CHHATTISGARH,JAMMU & KASHMIR,6294
874,CHANDIGARH,HIMACHAL PRADESH,6431
875,ODISHA,RAJASTHAN,6491
876,ASSAM,RAJASTHAN,6591
877,JHARKHAND,ANDHRA PRADESH,6683
878,JHARKHAND,UTTARAKHAND,6684
879,NCT OF DELHI,TAMIL NADU,6754
880,ANDHRA PRADESH,HARYANA,6802
881,MANIPUR,NAGALAND,6809
882,HIMACHAL PRADESH,UTTAR PRADESH,6941
883,MADHYA PRADESH,DAMAN & DIU,6952
884,BIHAR,JAMMU & KASHMIR,6970
885,MAHARASHTRA,UTTARAKHAND,7011
886,GUJARAT,HARYANA,7016
887,BIHAR,KERALA,7066
888,RAJASTHAN,ASSAM,7101
889,KARNATAKA,RAJASTHAN,7215
890,MADHYA PRADESH,UTTARAKHAND,7227
891,KERALA,UTTAR PRADESH,7259
892,KERALA,MADHYA PRADESH,7330
893,PUNJAB,KARNATAKA,7353
894,JAMMU & KASHMIR,HIMACHAL PRADESH,7389
895,RAJASTHAN,CHHATTISGARH,7391
896,ANDHRA PRADESH,RAJASTHAN,7486
897,BIHAR,ARUNACHAL PRADESH,7520
898,JAMMU & KASHMIR,HARYANA,7626
899,BIHAR,NAGALAND,7646
900,MAHARASHTRA,BIHAR,7754
901,PUDUCHERRY,KERALA,7836
902,ASSAM,MIZORAM,7908
903,UTTAR PRADESH,KERALA,7912
904,JHARKHAND,RAJASTHAN,7957
905,JHARKHAND,HIMACHAL PRADESH,7959
906,UTTAR PRADESH,ASSAM,8008
907,HIMACHAL PRADESH,UTTARAKHAND,8089
908,KARNATAKA,NCT OF DELHI,8168
909,CHHATTISGARH,HARYANA,8310
910,GUJARAT,TAMIL NADU,8336
911,ASSAM,GUJARAT,8371
912,ANDHRA PRADESH,UTTAR PRADESH,8470
913,HARYANA,KARNATAKA,8657
914,ASSAM,HARYANA,8688
915,KERALA,PUDUCHERRY,8737
916,CHHATTISGARH,GUJARAT,8786
917,NCT OF DELHI,WEST BENGAL,8792
918,NCT OF DELHI,CHANDIGARH,8892
919,DAMAN & DIU,DAMAN & DIU,8902
920,RAJASTHAN,UTTARAKHAND,8970
921,MADHYA PRADESH,ANDHRA PRADESH,8983
922,ANDHRA PRADESH,MADHYA PRADESH,9052
923,BIHAR,TRIPURA,9065
924,HARYANA,MADHYA PRADESH,9071
925,TRIPURA,ASSAM,9110
926,WEST BENGAL,UTTARAKHAND,9111
927,ODISHA,KERALA,9117
928,WEST BENGAL,ANDAMAN & NICOBAR ISLANDS,9261
929,NCT OF DELHI,KERALA,9304
930,MAHARASHTRA,ODISHA,9561
931,UTTARAKHAND,RAJASTHAN,9637
932,ARUNACHAL PRADESH,ASSAM,9715
933,NCT OF DELHI,ANDHRA PRADESH,9727
934,ODISHA,HARYANA,9829
935,GUJARAT,NCT OF DELHI,9829
936,MAHARASHTRA,DAMAN & DIU,9845
937,GUJARAT,ANDHRA PRADESH,10171
938,LAKSHADWEEP,LAKSHADWEEP,10231
939,NCT OF DELHI,HIMACHAL PRADESH,10238
940,NAGALAND,ASSAM,10427
941,JHARKHAND,PUNJAB,10429
942,ASSAM,TRIPURA,10451
943,PUNJAB,MADHYA PRADESH,10519
944,UTTAR PRADESH,JAMMU & KASHMIR,10639
945,JAMMU & KASHMIR,MAHARASHTRA,10712
946,JAMMU & KASHMIR,UTTAR PRADESH,10726
947,UTTARAKHAND,HIMACHAL PRADESH,10934
948,GOA,KARNATAKA,11308
949,ANDHRA PRADESH,KERALA,11486
950,ANDHRA PRADESH,NCT OF DELHI,11517
951,GUJARAT,DAMAN & DIU,11663
952,GUJARAT,UTTAR PRADESH,11849
953,UTTARAKHAND,CHANDIGARH,12313
954,ANDHRA PRADESH,PUDUCHERRY,12432
955,PUNJAB,GUJARAT,12464
956,JHARKHAND,TRIPURA,12619
957,TAMIL NADU,GUJARAT,12820
958,UTTAR PRADESH,GOA,12897
959,ODISHA,MADHYA PRADESH,12963
960,JHARKHAND,HARYANA,13142
961,PUNJAB,UTTARAKHAND,13470
962,PUNJAB,JAMMU & KASHMIR,13476
963,MEGHALAYA,ASSAM,13528
964,ANDHRA PRADESH,CHHATTISGARH,13910
965,MAHARASHTRA,WEST BENGAL,14002
966,KARNATAKA,GUJARAT,14062
967,CHHATTISGARH,JHARKHAND,14151
968,MAHARASHTRA,PUNJAB,14188
969,NCT OF DELHI,MADHYA PRADESH,14266
970,ASSAM,UTTAR PRADESH,14506
971,CHHATTISGARH,ANDHRA PRADESH,14517
972,ASSAM,NCT OF DELHI,14627
973,KERALA,GUJARAT,14670
974,WEST BENGAL,TAMIL NADU,14709
975,HARYANA,UTTARAKHAND,14798
976,GUJARAT,DADRA & NAGAR HAVELI,14812
978,UTTAR PRADESH,ODISHA,14897
979,RAJASTHAN,WEST BENGAL,15004
980,MADHYA PRADESH,PUNJAB,15038
981,ODISHA,TAMIL NADU,15085
982,JHARKHAND,MADHYA PRADESH,15096
983,MADHYA PRADESH,KARNATAKA,15141
984,HARYANA,GUJARAT,15185
985,HARYANA,HIMACHAL PRADESH,15188
986,TAMIL NADU,NCT OF DELHI,15230
987,NCT OF DELHI,BIHAR,15280
988,JAMMU & KASHMIR,NCT OF DELHI,15712
989,NCT OF DELHI,GUJARAT,15732
990,MAHARASHTRA,DADRA & NAGAR HAVELI,15815
991,WEST BENGAL,SIKKIM,15963
992,BIHAR,DADRA & NAGAR HAVELI,15989
993,UTTAR PRADESH,TAMIL NADU,16358
994,JHARKHAND,KARNATAKA,16368
995,DADRA & NAGAR HAVELI,DADRA & NAGAR HAVELI,16926
996,ODISHA,UTTAR PRADESH,17023
997,KERALA,ANDHRA PRADESH,17071
998,NCT OF DELHI,PUNJAB,17412
999,BIHAR,TAMIL NADU,17779
1000,GUJARAT,ODISHA,18781
1001,ASSAM,KARNATAKA,19083
1002,WEST BENGAL,CHHATTISGARH,19154
1003,WEST BENGAL,PUNJAB,19389
1004,MAHARASHTRA,HARYANA,19498
1005,UTTARAKHAND,MAHARASHTRA,19814
1006,GUJARAT,KARNATAKA,19944
1007,GOA,MAHARASHTRA,19979
1008,WEST BENGAL,MADHYA PRADESH,20002
1009,ASSAM,MAHARASHTRA,20192
1010,ANDHRA PRADESH,GUJARAT,21052
1011,KERALA,NCT OF DELHI,21439
1012,ASSAM,MEGHALAYA,21490
1013,ODISHA,NCT OF DELHI,21583
1014,UTTAR PRADESH,DADRA & NAGAR HAVELI,21687
1015,UTTARAKHAND,PUNJAB,21789
1016,HIMACHAL PRADESH,NCT OF DELHI,22508
1017,HIMACHAL PRADESH,HARYANA,22681
1018,NCT OF DELHI,KARNATAKA,22897
1019,UTTAR PRADESH,DAMAN & DIU,23355
1020,HIMACHAL PRADESH,CHANDIGARH,23692
1021,WEST BENGAL,KERALA,23706
1022,ASSAM,NAGALAND,23767
1023,WEST BENGAL,ANDHRA PRADESH,23851
1024,HARYANA,MAHARASHTRA,23917
1025,JAMMU & KASHMIR,PUNJAB,23944
1026,WEST BENGAL,ASSAM,24172
1027,BIHAR,CHANDIGARH,24249
1028,BIHAR,DAMAN & DIU,24663
1029,MAHARASHTRA,KERALA,24822
1030,BIHAR,ANDHRA PRADESH,25019
1031,UTTAR PRADESH,ANDHRA PRADESH,25755
1032,BIHAR,HIMACHAL PRADESH,26779
1033,PUNJAB,MAHARASHTRA,27388
1034,MAHARASHTRA,NCT OF DELHI,27801
1035,NCT OF DELHI,UTTARAKHAND,28554
1036,CHANDIGARH,HARYANA,28986
1037,RAJASTHAN,ANDHRA PRADESH,30514
1038,MAHARASHTRA,GOA,30644
1039,UTTARAKHAND,HARYANA,30691
1040,CHHATTISGARH,UTTAR PRADESH,31435
1041,RAJASTHAN,TAMIL NADU,31602
1042,HARYANA,CHANDIGARH,31690
1043,UTTAR PRADESH,JHARKHAND,31920
1044,WEST BENGAL,RAJASTHAN,33251
1045,GUJARAT,MADHYA PRADESH,33791
1046,JHARKHAND,GUJARAT,35774
1047,MADHYA PRADESH,HARYANA,35833
1048,JHARKHAND,NCT OF DELHI,37348
1049,BIHAR,ASSAM,37643
1050,MAHARASHTRA,UTTAR PRADESH,37653
1051,PUNJAB,UTTAR PRADESH,37904
1052,CHHATTISGARH,ODISHA,38256
1053,MAHARASHTRA,RAJASTHAN,38553
1054,MAHARASHTRA,TAMIL NADU,38598
1055,NCT OF DELHI,RAJASTHAN,38690
1056,ANDHRA PRADESH,ODISHA,40482
1057,MAHARASHTRA,CHHATTISGARH,40782
1058,ASSAM,ARUNACHAL PRADESH,41395
1059,BIHAR,UTTARAKHAND,42034
1060,UTTAR PRADESH,HIMACHAL PRADESH,42254
1061,JHARKHAND,CHHATTISGARH,42262
1062,ODISHA,WEST BENGAL,43423
1063,NCT OF DELHI,MAHARASHTRA,43565
1064,ASSAM,WEST BENGAL,43796
1065,ODISHA,JHARKHAND,44084
1066,BIHAR,ODISHA,45498
1067,WEST BENGAL,KARNATAKA,46601
1068,PUNJAB,CHANDIGARH,47430
1069,JHARKHAND,UTTAR PRADESH,47892
1070,PUNJAB,NCT OF DELHI,48742
1071,PUNJAB,HIMACHAL PRADESH,48887
1072,ODISHA,KARNATAKA,49275
1073,WEST BENGAL,HARYANA,49421
1074,KARNATAKA,KERALA,50647
1075,WEST BENGAL,ODISHA,50770
1076,WEST BENGAL,GUJARAT,51430
1077,BIHAR,MADHYA PRADESH,52280
1078,KARNATAKA,GOA,53091
1079,PUNJAB,RAJASTHAN,54541
1080,MADHYA PRADESH,NCT OF DELHI,56527
1081,JHARKHAND,ODISHA,56704
1082,CHHATTISGARH,MADHYA PRADESH,57514
1083,BIHAR,CHHATTISGARH,59180
1084,BIHAR,KARNATAKA,59985
1085,SIKKIM,SIKKIM,60375
1086,UTTAR PRADESH,KARNATAKA,60977
1087,HIMACHAL PRADESH,PUNJAB,61188
1088,UTTAR PRADESH,WEST BENGAL,61587
1089,JHARKHAND,MAHARASHTRA,62040
1090,ANDAMAN & NICOBAR ISLANDS,ANDAMAN & NICOBAR ISLANDS,62374
1091,UTTAR PRADESH,CHHATTISGARH,64452
1092,WEST BENGAL,BIHAR,66418
1093,ODISHA,MAHARASHTRA,67971
1094,RAJASTHAN,PUNJAB,68241
1095,UTTAR PRADESH,CHANDIGARH,68534
1096,KERALA,MAHARASHTRA,68815
1097,WEST BENGAL,UTTAR PRADESH,69399
1098,RAJASTHAN,KARNATAKA,69573
1099,BIHAR,RAJASTHAN,70633
1100,CHANDIGARH,PUNJAB,71776
1101,TAMIL NADU,MAHARASHTRA,72703
1102,HARYANA,UTTAR PRADESH,76086
1103,GUJARAT,RAJASTHAN,76479
1104,CHHATTISGARH,MAHARASHTRA,76571
1105,ODISHA,CHHATTISGARH,76901
1106,WEST BENGAL,NCT OF DELHI,79681
1107,UTTAR PRADESH,BIHAR,80400
1108,RAJASTHAN,UTTAR PRADESH,81391
1109,ODISHA,ANDHRA PRADESH,82622
1110,TAMIL NADU,ANDHRA PRADESH,88963
1113,MAHARASHTRA,ANDHRA PRADESH,92649
1114,PUDUCHERRY,TAMIL NADU,93828
1115,UTTARAKHAND,NCT OF DELHI,96244
1116,TAMIL NADU,PUDUCHERRY,96412
1117,RAJASTHAN,NCT OF DELHI,96574
1118,MIZORAM,MIZORAM,103357
1120,ODISHA,GUJARAT,107588
1121,ANDHRA PRADESH,TAMIL NADU,107983
1123,MADHYA PRADESH,CHHATTISGARH,112813
1124,KARNATAKA,TAMIL NADU,118530
1126,TAMIL NADU,KERALA,124483
1127,JHARKHAND,BIHAR,125305
1128,UTTARAKHAND,UTTAR PRADESH,130268
1129,PUDUCHERRY,PUDUCHERRY,134354
1130,JHARKHAND,WEST BENGAL,139398
1131,MADHYA PRADESH,GUJARAT,142444
1132,MEGHALAYA,MEGHALAYA,145229
1133,PUNJAB,HARYANA,145584
1134,WEST BENGAL,JHARKHAND,145939
1135,KERALA,KARNATAKA,150037
1136,KARNATAKA,ANDHRA PRADESH,151995
1137,MAHARASHTRA,MADHYA PRADESH,158335
1138,RAJASTHAN,MADHYA PRADESH,160310
1139,HARYANA,PUNJAB,162356
1140,ANDHRA PRADESH,MAHARASHTRA,162755
1141,HARYANA,RAJASTHAN,165505
1142,KERALA,TAMIL NADU,165723
1143,BIHAR,PUNJAB,171593
1144,WEST BENGAL,MAHARASHTRA,175267
1145,MANIPUR,MANIPUR,175329
1146,ARUNACHAL PRADESH,ARUNACHAL PRADESH,178863
1148,HARYANA,NCT OF DELHI,184892
1150,NAGALAND,NAGALAND,188901
1151,MADHYA PRADESH,UTTAR PRADESH,191711
1152,RAJASTHAN,HARYANA,192074
1153,MADHYA PRADESH,RAJASTHAN,200727
1154,MAHARASHTRA,KARNATAKA,222664
1155,NCT OF DELHI,HARYANA,222988
1156,RAJASTHAN,MAHARASHTRA,225488
1157,BIHAR,HARYANA,225868
1158,UTTAR PRADESH,RAJASTHAN,231010
1159,BIHAR,GUJARAT,237094
1163,NCT OF DELHI,NCT OF DELHI,256346
1165,GOA,GOA,260989
1166,NCT OF DELHI,UTTAR PRADESH,271932
1167,GUJARAT,MAHARASHTRA,279594
1168,TAMIL NADU,KARNATAKA,283251
1169,TRIPURA,TRIPURA,287475
1170,UTTAR PRADESH,PUNJAB,291331
1171,BIHAR,WEST BENGAL,299184
1172,BIHAR,MAHARASHTRA,310656
1173,RAJASTHAN,GUJARAT,312794
1174,UTTAR PRADESH,MADHYA PRADESH,320604
1176,MADHYA PRADESH,MAHARASHTRA,333821
1177,BIHAR,UTTAR PRADESH,349722
1178,UTTAR PRADESH,UTTARAKHAND,363951
1179,MAHARASHTRA,GUJARAT,376119
1180,ANDHRA PRADESH,KARNATAKA,381946
1181,BIHAR,JHARKHAND,385492
1183,UTTAR PRADESH,HARYANA,472193
1184,KARNATAKA,MAHARASHTRA,478359
1185,UTTAR PRADESH,GUJARAT,504548
1186,BIHAR,NCT OF DELHI,516632
1187,HIMACHAL PRADESH,HIMACHAL PRADESH,650474
1188,JAMMU & KASHMIR,JAMMU & KASHMIR,718300
1191,UTTAR PRADESH,NCT OF DELHI,959658
1192,UTTARAKHAND,UTTARAKHAND,1010264
1193,UTTAR PRADESH,MAHARASHTRA,1149726
1195,HARYANA,HARYANA,1928466
1196,JHARKHAND,JHARKHAND,2206400
1197,CHHATTISGARH,CHHATTISGARH,2434137
1199,PUNJAB,PUNJAB,2568732
1200,ASSAM,ASSAM,2577931
1206,ODISHA,ODISHA,3983612
1208,KERALA,KERALA,5380723
1210,RAJASTHAN,RAJASTHAN,5783229
1211,BIHAR,BIHAR,6251224
1213,MADHYA PRADESH,MADHYA PRADESH,6685861
1215,KARNATAKA,KARNATAKA,7170934
1216,GUJARAT,GUJARAT,7191353
1218,WEST BENGAL,WEST BENGAL,7643237
1222,TAMIL NADU,TAMIL NADU,9309427
1224,ANDHRA PRADESH,ANDHRA PRADESH,9988305
1226,UTTAR PRADESH,UTTAR PRADESH,12128007
1228,MAHARASHTRA,MAHARASHTRA,15996425
