PUDUCHERRY,CHANDIGARH,1
DAMAN & DIU,HARYANA,1
DAMAN & DIU,UTTAR PRADESH,1
CHANDIGARH,ARUNACHAL PRADESH,1
DADRA & NAGAR HAVELI,ARUNACHAL PRADESH,1
GOA,ARUNACHAL PRADESH,1
LAKSHADWEEP,ARUNACHAL PRADESH,1
CHHATTISGARH,MANIPUR,1
DADRA & NAGAR HAVELI,MANIPUR,1
GOA,MANIPUR,1
GUJARAT,MIZORAM,1
CHANDIGARH,TRIPURA,1
SIKKIM,TRIPURA,1
ANDAMAN & NICOBAR ISLANDS,MEGHALAYA,1
PUDUCHERRY,ASSAM,1
DADRA & NAGAR HAVELI,JHARKHAND,1
LAKSHADWEEP,ODISHA,1
DAMAN & DIU,CHHATTISGARH,1
DADRA & NAGAR HAVELI,CHHATTISGARH,1
LAKSHADWEEP,GUJARAT,1
UTTARAKHAND,LAKSHADWEEP,1
HARYANA,LAKSHADWEEP,1
KARNATAKA,LAKSHADWEEP,1
NAGALAND,PUDUCHERRY,1
GOA,PUDUCHERRY,1
DAMAN & DIU,BIHAR,2
PUDUCHERRY,BIHAR,2
ANDAMAN & NICOBAR ISLANDS,BIHAR,2
PUDUCHERRY,NAGALAND,2
JAMMU & KASHMIR,MANIPUR,2
PUNJAB,MANIPUR,2
SIKKIM,MANIPUR,2
DADRA & NAGAR HAVELI,TRIPURA,2
LAKSHADWEEP,TRIPURA,2
CHANDIGARH,MEGHALAYA,2
GOA,ASSAM,2
GOA,CHHATTISGARH,2
LAKSHADWEEP,CHHATTISGARH,2
PUDUCHERRY,CHHATTISGARH,2
MIZORAM,GUJARAT,2
ARUNACHAL PRADESH,DAMAN & DIU,2
MANIPUR,DAMAN & DIU,2
CHANDIGARH,DADRA & NAGAR HAVELI,2
TRIPURA,DADRA & NAGAR HAVELI,2
PUDUCHERRY,DADRA & NAGAR HAVELI,2
DAMAN & DIU,ANDHRA PRADESH,2
JAMMU & KASHMIR,LAKSHADWEEP,2
MAHARASHTRA,LAKSHADWEEP,2
ANDAMAN & NICOBAR ISLANDS,LAKSHADWEEP,2
DAMAN & DIU,KERALA,2
JAMMU & KASHMIR,PUDUCHERRY,2
CHHATTISGARH,PUDUCHERRY,2
DAMAN & DIU,HIMACHAL PRADESH,1
LAKSHADWEEP,HIMACHAL PRADESH,3
DADRA & NAGAR HAVELI,PUNJAB,3
MEGHALAYA,CHANDIGARH,3
DAMAN & DIU,CHANDIGARH,3
DADRA & NAGAR HAVELI,HARYANA,3
CHANDIGARH,SIKKIM,3
GOA,NAGALAND,3
ANDAMAN & NICOBAR ISLANDS,MANIPUR,3
SIKKIM,MIZORAM,3
GOA,MEGHALAYA,3
DADRA & NAGAR HAVELI,ASSAM,3
MEGHALAYA,DAMAN & DIU,3
NAGALAND,DADRA & NAGAR HAVELI,3
DADRA & NAGAR HAVELI,ANDHRA PRADESH,3
MIZORAM,GOA,3
DADRA & NAGAR HAVELI,GOA,3
RAJASTHAN,LAKSHADWEEP,3
UTTAR PRADESH,LAKSHADWEEP,3
DADRA & NAGAR HAVELI,KERALA,3
HIMACHAL PRADESH,PUDUCHERRY,3
SIKKIM,PUDUCHERRY,3
MANIPUR,PUDUCHERRY,3
CHANDIGARH,ANDAMAN & NICOBAR ISLANDS,3
DAMAN & DIU,RAJASTHAN,2
LAKSHADWEEP,JAMMU & KASHMIR,4
ANDAMAN & NICOBAR ISLANDS,HIMACHAL PRADESH,4
NAGALAND,CHANDIGARH,4
TRIPURA,CHANDIGARH,4
PUDUCHERRY,UTTARAKHAND,4
DAMAN & DIU,NCT OF DELHI,4
GUJARAT,SIKKIM,4
GOA,SIKKIM,4
ANDHRA PRADESH,MANIPUR,4
TAMIL NADU,MANIPUR,4
GUJARAT,TRIPURA,4
DAMAN & DIU,WEST BENGAL,4
MIZORAM,JHARKHAND,4
LAKSHADWEEP,JHARKHAND,4
DADRA & NAGAR HAVELI,ODISHA,4
PUDUCHERRY,MADHYA PRADESH,4
LAKSHADWEEP,DAMAN & DIU,4
ARUNACHAL PRADESH,DADRA & NAGAR HAVELI,4
SIKKIM,GOA,4
TRIPURA,PUDUCHERRY,4
MANIPUR,ANDAMAN & NICOBAR ISLANDS,4
PUDUCHERRY,ANDAMAN & NICOBAR ISLANDS,4
MIZORAM,JAMMU & KASHMIR,3
ANDAMAN & NICOBAR ISLANDS,JAMMU & KASHMIR,5
MIZORAM,HIMACHAL PRADESH,5
TRIPURA,HIMACHAL PRADESH,5
LAKSHADWEEP,CHANDIGARH,5
LAKSHADWEEP,UTTARAKHAND,5
PUDUCHERRY,RAJASTHAN,5
MIZORAM,BIHAR,5
GUJARAT,ARUNACHAL PRADESH,5
HIMACHAL PRADESH,MANIPUR,5
HARYANA,MANIPUR,5
DAMAN & DIU,ODISHA,5
PUDUCHERRY,ODISHA,5
ANDAMAN & NICOBAR ISLANDS,DADRA & NAGAR HAVELI,5
ARUNACHAL PRADESH,GOA,5
TRIPURA,GOA,5
MEGHALAYA,GOA,5
SIKKIM,ANDAMAN & NICOBAR ISLANDS,5
NAGALAND,JAMMU & KASHMIR,4
GOA,UTTARAKHAND,6
CHANDIGARH,BIHAR,6
GOA,BIHAR,6
ANDAMAN & NICOBAR ISLANDS,NAGALAND,6
KARNATAKA,MANIPUR,6
NCT OF DELHI,TRIPURA,6
PUDUCHERRY,MEGHALAYA,6
LAKSHADWEEP,ASSAM,6
PUDUCHERRY,JHARKHAND,6
SIKKIM,ODISHA,6
MIZORAM,ODISHA,6
DADRA & NAGAR HAVELI,MADHYA PRADESH,6
NAGALAND,ANDAMAN & NICOBAR ISLANDS,6
TRIPURA,ANDAMAN & NICOBAR ISLANDS,6
MEGHALAYA,ANDAMAN & NICOBAR ISLANDS,6
PUDUCHERRY,JAMMU & KASHMIR,5
MEGHALAYA,HIMACHAL PRADESH,7
MIZORAM,CHANDIGARH,7
MIZORAM,SIKKIM,7
TRIPURA,SIKKIM,7
CHHATTISGARH,SIKKIM,7
NCT OF DELHI,ARUNACHAL PRADESH,7
UTTARAKHAND,MANIPUR,7
NCT OF DELHI,MIZORAM,7
CHANDIGARH,JHARKHAND,7
LAKSHADWEEP,MADHYA PRADESH,7
ANDAMAN & NICOBAR ISLANDS,DAMAN & DIU,7
LAKSHADWEEP,ANDHRA PRADESH,7
LAKSHADWEEP,GOA,7
PUDUCHERRY,GOA,7
LAKSHADWEEP,TAMIL NADU,7
GOA,ANDAMAN & NICOBAR ISLANDS,7
GOA,HIMACHAL PRADESH,6
DADRA & NAGAR HAVELI,UTTARAKHAND,8
DADRA & NAGAR HAVELI,RAJASTHAN,8
DAMAN & DIU,SIKKIM,8
ANDHRA PRADESH,SIKKIM,8
MADHYA PRADESH,MANIPUR,8
CHHATTISGARH,MIZORAM,8
CHHATTISGARH,TRIPURA,8
CHANDIGARH,CHHATTISGARH,8
SIKKIM,CHHATTISGARH,8
MEGHALAYA,CHHATTISGARH,8
DAMAN & DIU,KARNATAKA,8
SIKKIM,KERALA,8
NCT OF DELHI,PUDUCHERRY,8
NAGALAND,HIMACHAL PRADESH,7
TAMIL NADU,MIZORAM,9
GOA,ODISHA,9
LAKSHADWEEP,ANDAMAN & NICOBAR ISLANDS,9
GOA,JAMMU & KASHMIR,8
PUDUCHERRY,PUNJAB,10
DADRA & NAGAR HAVELI,NCT OF DELHI,10
SIKKIM,BIHAR,10
NCT OF DELHI,SIKKIM,10
CHHATTISGARH,ARUNACHAL PRADESH,10
JAMMU & KASHMIR,MIZORAM,10
KARNATAKA,MIZORAM,10
LAKSHADWEEP,WEST BENGAL,10
DAMAN & DIU,GOA,10
ANDAMAN & NICOBAR ISLANDS,GOA,10
JAMMU & KASHMIR,ANDAMAN & NICOBAR ISLANDS,10
NCT OF DELHI,ANDAMAN & NICOBAR ISLANDS,10
PUDUCHERRY,UTTAR PRADESH,9
MAHARASHTRA,MIZORAM,11
JAMMU & KASHMIR,DADRA & NAGAR HAVELI,11
MANIPUR,DADRA & NAGAR HAVELI,11
CHANDIGARH,GOA,11
DAMAN & DIU,LAKSHADWEEP,11
MIZORAM,KERALA,11
PUNJAB,PUDUCHERRY,11
JHARKHAND,PUDUCHERRY,11
HIMACHAL PRADESH,ANDAMAN & NICOBAR ISLANDS,11
CHANDIGARH,JAMMU & KASHMIR,10
ARUNACHAL PRADESH,CHANDIGARH,12
LAKSHADWEEP,HARYANA,12
PUDUCHERRY,HARYANA,12
MEGHALAYA,BIHAR,12
MEGHALAYA,SIKKIM,12
SIKKIM,ARUNACHAL PRADESH,12
NCT OF DELHI,MANIPUR,12
JHARKHAND,MANIPUR,12
MAHARASHTRA,MANIPUR,12
TRIPURA,CHHATTISGARH,12
ANDAMAN & NICOBAR ISLANDS,MADHYA PRADESH,12
DADRA & NAGAR HAVELI,KARNATAKA,12
ANDHRA PRADESH,LAKSHADWEEP,12
HIMACHAL PRADESH,MIZORAM,11
ANDAMAN & NICOBAR ISLANDS,UTTARAKHAND,13
TRIPURA,BIHAR,13
KARNATAKA,ARUNACHAL PRADESH,13
PUNJAB,MIZORAM,13
PUNJAB,TRIPURA,13
CHANDIGARH,DAMAN & DIU,13
DADRA & NAGAR HAVELI,LAKSHADWEEP,13
UTTARAKHAND,ANDAMAN & NICOBAR ISLANDS,13
MANIPUR,HIMACHAL PRADESH,12
ODISHA,MANIPUR,14
HIMACHAL PRADESH,TRIPURA,14
PUDUCHERRY,WEST BENGAL,14
MEGHALAYA,JHARKHAND,14
NAGALAND,CHHATTISGARH,14
ANDAMAN & NICOBAR ISLANDS,CHHATTISGARH,14
SIKKIM,GUJARAT,14
TRIPURA,KERALA,14
MIZORAM,UTTARAKHAND,13
ANDAMAN & NICOBAR ISLANDS,ASSAM,15
NAGALAND,JHARKHAND,15
DAMAN & DIU,MADHYA PRADESH,15
LAKSHADWEEP,RAJASTHAN,14
NAGALAND,SIKKIM,16
SIKKIM,NAGALAND,16
ARUNACHAL PRADESH,MANIPUR,16
NAGALAND,ODISHA,16
WEST BENGAL,LAKSHADWEEP,16
GUJARAT,LAKSHADWEEP,16
CHANDIGARH,ASSAM,15
ANDAMAN & NICOBAR ISLANDS,JHARKHAND,17
CHANDIGARH,ODISHA,17
NAGALAND,GOA,17
MIZORAM,TAMIL NADU,17
ANDAMAN & NICOBAR ISLANDS,HARYANA,16
MAHARASHTRA,SIKKIM,18
GOA,JHARKHAND,18
MANIPUR,CHHATTISGARH,18
PUDUCHERRY,GUJARAT,18
GOA,DADRA & NAGAR HAVELI,18
SIKKIM,JAMMU & KASHMIR,17
SIKKIM,PUNJAB,19
MIZORAM,RAJASTHAN,19
NAGALAND,BIHAR,19
MEGHALAYA,MANIPUR,19
ODISHA,MIZORAM,19
ANDHRA PRADESH,MIZORAM,19
ARUNACHAL PRADESH,JHARKHAND,19
JAMMU & KASHMIR,DAMAN & DIU,19
SIKKIM,ANDHRA PRADESH,19
ANDAMAN & NICOBAR ISLANDS,PUDUCHERRY,19
MEGHALAYA,JAMMU & KASHMIR,18
MIZORAM,HARYANA,20
MEGHALAYA,HARYANA,20
GOA,HARYANA,20
TAMIL NADU,SIKKIM,20
ANDAMAN & NICOBAR ISLANDS,ODISHA,20
ARUNACHAL PRADESH,CHHATTISGARH,20
HARYANA,PUDUCHERRY,20
TRIPURA,JAMMU & KASHMIR,19
ANDAMAN & NICOBAR ISLANDS,CHANDIGARH,21
ANDAMAN & NICOBAR ISLANDS,UTTAR PRADESH,21
MADHYA PRADESH,SIKKIM,21
MIZORAM,ARUNACHAL PRADESH,21
SIKKIM,MEGHALAYA,21
DADRA & NAGAR HAVELI,WEST BENGAL,21
MEGHALAYA,ODISHA,21
SIKKIM,CHANDIGARH,20
SIKKIM,JHARKHAND,22
ARUNACHAL PRADESH,ODISHA,22
TRIPURA,ODISHA,22
CHANDIGARH,MADHYA PRADESH,22
MEGHALAYA,GUJARAT,22
GOA,DAMAN & DIU,22
GOA,PUNJAB,21
ANDAMAN & NICOBAR ISLANDS,RAJASTHAN,23
MIZORAM,UTTAR PRADESH,23
KERALA,SIKKIM,23
MADHYA PRADESH,MIZORAM,23
CHHATTISGARH,MEGHALAYA,23
ARUNACHAL PRADESH,ANDHRA PRADESH,23
MADHYA PRADESH,PUDUCHERRY,23
MADHYA PRADESH,ANDAMAN & NICOBAR ISLANDS,23
JAMMU & KASHMIR,TRIPURA,22
DADRA & NAGAR HAVELI,UTTAR PRADESH,24
ANDHRA PRADESH,ARUNACHAL PRADESH,24
SIKKIM,ASSAM,24
GOA,WEST BENGAL,24
MANIPUR,ODISHA,24
TRIPURA,DAMAN & DIU,24
CHANDIGARH,TAMIL NADU,24
ARUNACHAL PRADESH,JAMMU & KASHMIR,23
PUNJAB,SIKKIM,25
SIKKIM,MADHYA PRADESH,25
MEGHALAYA,MADHYA PRADESH,25
PUDUCHERRY,NCT OF DELHI,24
SIKKIM,RAJASTHAN,26
MADHYA PRADESH,ARUNACHAL PRADESH,26
ARUNACHAL PRADESH,BIHAR,25
GOA,RAJASTHAN,27
GOA,UTTAR PRADESH,27
MAHARASHTRA,TRIPURA,27
TAMIL NADU,TRIPURA,27
MANIPUR,JHARKHAND,27
DADRA & NAGAR HAVELI,DAMAN & DIU,27
MANIPUR,JAMMU & KASHMIR,26
HARYANA,TRIPURA,28
MADHYA PRADESH,TRIPURA,28
MEGHALAYA,UTTARAKHAND,27
KARNATAKA,TRIPURA,29
ASSAM,PUDUCHERRY,29
CHHATTISGARH,NAGALAND,28
MIZORAM,MANIPUR,30
GUJARAT,NAGALAND,29
SIKKIM,TAMIL NADU,31
DADRA & NAGAR HAVELI,BIHAR,30
ASSAM,ANDAMAN & NICOBAR ISLANDS,32
GOA,MADHYA PRADESH,31
ARUNACHAL PRADESH,MIZORAM,33
KERALA,TRIPURA,33
MEGHALAYA,ANDHRA PRADESH,32
JAMMU & KASHMIR,SIKKIM,34
HIMACHAL PRADESH,SIKKIM,34
TRIPURA,MANIPUR,33
ANDAMAN & NICOBAR ISLANDS,PUNJAB,35
CHANDIGARH,RAJASTHAN,35
MANIPUR,BIHAR,34
RAJASTHAN,MIZORAM,36
MIZORAM,TRIPURA,36
ANDHRA PRADESH,TRIPURA,36
GUJARAT,MEGHALAYA,36
LAKSHADWEEP,PUNJAB,35
KARNATAKA,SIKKIM,37
TAMIL NADU,ARUNACHAL PRADESH,37
HARYANA,MIZORAM,37
TRIPURA,JHARKHAND,37
LAKSHADWEEP,NCT OF DELHI,36
UTTARAKHAND,TRIPURA,38
NAGALAND,GUJARAT,38
DADRA & NAGAR HAVELI,TAMIL NADU,38
ARUNACHAL PRADESH,SIKKIM,37
PUNJAB,ARUNACHAL PRADESH,39
WEST BENGAL,MANIPUR,39
ARUNACHAL PRADESH,TRIPURA,39
MEGHALAYA,KERALA,39
MEGHALAYA,PUNJAB,38
MIZORAM,MADHYA PRADESH,40
NAGALAND,UTTARAKHAND,39
TRIPURA,UTTARAKHAND,41
MAHARASHTRA,ARUNACHAL PRADESH,41
MADHYA PRADESH,NAGALAND,41
KARNATAKA,NAGALAND,41
MEGHALAYA,TAMIL NADU,41
MAHARASHTRA,ANDAMAN & NICOBAR ISLANDS,41
KARNATAKA,ANDAMAN & NICOBAR ISLANDS,41
SIKKIM,HARYANA,40
HIMACHAL PRADESH,DAMAN & DIU,42
LAKSHADWEEP,DADRA & NAGAR HAVELI,42
CHANDIGARH,ANDHRA PRADESH,42
TRIPURA,ANDHRA PRADESH,42
TAMIL NADU,LAKSHADWEEP,42
SIKKIM,HIMACHAL PRADESH,41
ARUNACHAL PRADESH,GUJARAT,43
ARUNACHAL PRADESH,TAMIL NADU,43
UTTARAKHAND,SIKKIM,42
TRIPURA,TAMIL NADU,44
NAGALAND,TRIPURA,43
HIMACHAL PRADESH,ARUNACHAL PRADESH,45
KERALA,MIZORAM,45
NAGALAND,ANDHRA PRADESH,44
CHHATTISGARH,ASSAM,46
JHARKHAND,SIKKIM,45
RAJASTHAN,ANDAMAN & NICOBAR ISLANDS,47
ARUNACHAL PRADESH,RAJASTHAN,46
NAGALAND,MADHYA PRADESH,48
ANDAMAN & NICOBAR ISLANDS,GUJARAT,48
MIZORAM,KARNATAKA,48
ARUNACHAL PRADESH,MADHYA PRADESH,47
GUJARAT,ANDAMAN & NICOBAR ISLANDS,49
MEGHALAYA,TRIPURA,48
LAKSHADWEEP,KARNATAKA,50
CHANDIGARH,KERALA,50
MEGHALAYA,RAJASTHAN,49
MIZORAM,ANDHRA PRADESH,50
LAKSHADWEEP,UTTAR PRADESH,52
MEGHALAYA,ARUNACHAL PRADESH,52
JAMMU & KASHMIR,ASSAM,51
JAMMU & KASHMIR,ARUNACHAL PRADESH,54
SIKKIM,UTTAR PRADESH,52
GUJARAT,ASSAM,55
HIMACHAL PRADESH,DADRA & NAGAR HAVELI,55
GOA,ANDHRA PRADESH,55
ARUNACHAL PRADESH,KERALA,55
MAHARASHTRA,PUDUCHERRY,55
GOA,NCT OF DELHI,54
KARNATAKA,MEGHALAYA,55
LAKSHADWEEP,BIHAR,58
TAMIL NADU,BIHAR,58
RAJASTHAN,SIKKIM,58
HARYANA,ARUNACHAL PRADESH,58
MANIPUR,TRIPURA,58
UTTARAKHAND,ODISHA,58
PUNJAB,DAMAN & DIU,58
NAGALAND,RAJASTHAN,57
WEST BENGAL,MIZORAM,59
RAJASTHAN,TRIPURA,59
CHANDIGARH,WEST BENGAL,59
GUJARAT,PUDUCHERRY,59
NAGALAND,HARYANA,58
MANIPUR,SIKKIM,60
SIKKIM,MAHARASHTRA,60
JAMMU & KASHMIR,GOA,60
HIMACHAL PRADESH,KERALA,60
TAMIL NADU,NAGALAND,59
TAMIL NADU,HIMACHAL PRADESH,60
NCT OF DELHI,DADRA & NAGAR HAVELI,62
LAKSHADWEEP,MAHARASHTRA,62
MIZORAM,WEST BENGAL,61
TAMIL NADU,MEGHALAYA,63
HARYANA,DAMAN & DIU,62
TRIPURA,GUJARAT,64
ODISHA,TRIPURA,63
JAMMU & KASHMIR,MEGHALAYA,66
PUDUCHERRY,ANDHRA PRADESH,66
NAGALAND,TAMIL NADU,66
UTTARAKHAND,MIZORAM,64
MAHARASHTRA,NAGALAND,67
TRIPURA,UTTAR PRADESH,66
NAGALAND,MIZORAM,68
PUNJAB,ANDAMAN & NICOBAR ISLANDS,68
ARUNACHAL PRADESH,PUNJAB,67
RAJASTHAN,MANIPUR,68
HIMACHAL PRADESH,ASSAM,70
NCT OF DELHI,ASSAM,69
CHANDIGARH,UTTARAKHAND,73
SIKKIM,UTTARAKHAND,73
MIZORAM,NAGALAND,73
MIZORAM,MAHARASHTRA,73
CHANDIGARH,KARNATAKA,73
MANIPUR,GOA,73
NAGALAND,UTTAR PRADESH,70
NAGALAND,MANIPUR,74
HIMACHAL PRADESH,MEGHALAYA,74
ARUNACHAL PRADESH,HIMACHAL PRADESH,73
UTTARAKHAND,ARUNACHAL PRADESH,74
TRIPURA,RAJASTHAN,77
ARUNACHAL PRADESH,UTTAR PRADESH,77
ANDHRA PRADESH,BIHAR,75
PUNJAB,DADRA & NAGAR HAVELI,78
TRIPURA,PUNJAB,77
HARYANA,MEGHALAYA,79
KARNATAKA,ASSAM,79
HIMACHAL PRADESH,ODISHA,79
CHHATTISGARH,ANDAMAN & NICOBAR ISLANDS,79
HARYANA,SIKKIM,78
MEGHALAYA,UTTAR PRADESH,80
WEST BENGAL,PUDUCHERRY,80
KARNATAKA,CHANDIGARH,79
NAGALAND,PUNJAB,80
HARYANA,ANDAMAN & NICOBAR ISLANDS,82
ANDAMAN & NICOBAR ISLANDS,NCT OF DELHI,81
GOA,GUJARAT,83
BIHAR,PUDUCHERRY,82
JAMMU & KASHMIR,ODISHA,83
GUJARAT,BIHAR,85
KARNATAKA,BIHAR,85
SIKKIM,KARNATAKA,85
UTTARAKHAND,TAMIL NADU,84
ARUNACHAL PRADESH,HARYANA,85
ANDHRA PRADESH,NAGALAND,87
NAGALAND,ARUNACHAL PRADESH,88
HIMACHAL PRADESH,TAMIL NADU,90
GOA,TAMIL NADU,89
MIZORAM,PUNJAB,90
ANDHRA PRADESH,MEGHALAYA,92
MANIPUR,GUJARAT,91
MEGHALAYA,MIZORAM,92
MANIPUR,KERALA,94
UTTARAKHAND,BIHAR,93
HARYANA,DADRA & NAGAR HAVELI,95
TAMIL NADU,DAMAN & DIU,94
PUDUCHERRY,MAHARASHTRA,97
JHARKHAND,ARUNACHAL PRADESH,95
HIMACHAL PRADESH,GOA,98
CHANDIGARH,GUJARAT,97
HIMACHAL PRADESH,NAGALAND,99
TRIPURA,MADHYA PRADESH,99
MADHYA PRADESH,MEGHALAYA,98
MANIPUR,RAJASTHAN,99
ARUNACHAL PRADESH,UTTARAKHAND,102
DAMAN & DIU,DADRA & NAGAR HAVELI,101
KERALA,HIMACHAL PRADESH,102
PUNJAB,MEGHALAYA,104
DADRA & NAGAR HAVELI,MAHARASHTRA,104
NCT OF DELHI,DAMAN & DIU,103
TRIPURA,ARUNACHAL PRADESH,108
MEGHALAYA,NAGALAND,108
JAMMU & KASHMIR,NAGALAND,104
TRIPURA,HARYANA,108
GOA,KERALA,110
TAMIL NADU,ASSAM,109
NAGALAND,KERALA,111
UTTARAKHAND,ASSAM,110
MAHARASHTRA,MEGHALAYA,111
MAHARASHTRA,ASSAM,113
MADHYA PRADESH,ASSAM,114
UTTAR PRADESH,MIZORAM,115
MIZORAM,NCT OF DELHI,118
JHARKHAND,NAGALAND,117
KERALA,CHANDIGARH,118
ODISHA,MEGHALAYA,124
GUJARAT,HIMACHAL PRADESH,123
TAMIL NADU,DADRA & NAGAR HAVELI,127
CHANDIGARH,HIMACHAL PRADESH,124
ANDAMAN & NICOBAR ISLANDS,WEST BENGAL,129
ODISHA,SIKKIM,127
MANIPUR,UTTARAKHAND,129
DAMAN & DIU,MAHARASHTRA,130
PUNJAB,GOA,131
UTTARAKHAND,KERALA,133
MANIPUR,MADHYA PRADESH,132
MANIPUR,TAMIL NADU,134
CHANDIGARH,UTTAR PRADESH,133
ANDHRA PRADESH,DAMAN & DIU,134
PUNJAB,NAGALAND,135
UTTAR PRADESH,MANIPUR,136
UTTAR PRADESH,PUDUCHERRY,137
PUNJAB,BIHAR,143
JAMMU & KASHMIR,BIHAR,141
KERALA,ARUNACHAL PRADESH,144
NCT OF DELHI,HIMACHAL PRADESH,143
SIKKIM,NCT OF DELHI,146
HARYANA,NAGALAND,146
HIMACHAL PRADESH,ANDHRA PRADESH,146
ANDHRA PRADESH,CHANDIGARH,144
NCT OF DELHI,JAMMU & KASHMIR,146
GUJARAT,JAMMU & KASHMIR,147
MEGHALAYA,KARNATAKA,148
NCT OF DELHI,CHHATTISGARH,151
KARNATAKA,JAMMU & KASHMIR,152
CHHATTISGARH,BIHAR,154
ANDAMAN & NICOBAR ISLANDS,ANDHRA PRADESH,153
NCT OF DELHI,GOA,155
HARYANA,BIHAR,154
NAGALAND,KARNATAKA,155
NCT OF DELHI,ODISHA,159
CHANDIGARH,MAHARASHTRA,159
KARNATAKA,PUDUCHERRY,157
ANDAMAN & NICOBAR ISLANDS,KERALA,160
KARNATAKA,HIMACHAL PRADESH,159
ANDAMAN & NICOBAR ISLANDS,KARNATAKA,160
RAJASTHAN,PUDUCHERRY,162
ODISHA,ARUNACHAL PRADESH,163
ARUNACHAL PRADESH,MAHARASHTRA,165
JHARKHAND,MEGHALAYA,167
UTTARAKHAND,GOA,166
MANIPUR,CHANDIGARH,167
MEGHALAYA,NCT OF DELHI,169
CHHATTISGARH,DADRA & NAGAR HAVELI,170
JAMMU & KASHMIR,ANDHRA PRADESH,172
HIMACHAL PRADESH,CHHATTISGARH,174
UTTAR PRADESH,TRIPURA,176
KERALA,ASSAM,176
MANIPUR,HARYANA,175
ASSAM,HIMACHAL PRADESH,176
ODISHA,ANDAMAN & NICOBAR ISLANDS,178
ARUNACHAL PRADESH,WEST BENGAL,183
ARUNACHAL PRADESH,NAGALAND,180
MIZORAM,ASSAM,183
ANDHRA PRADESH,DADRA & NAGAR HAVELI,187
KERALA,BIHAR,185
CHANDIGARH,NCT OF DELHI,187
KARNATAKA,JHARKHAND,190
KARNATAKA,UTTARAKHAND,189
ANDHRA PRADESH,HIMACHAL PRADESH,190
JAMMU & KASHMIR,JHARKHAND,193
KERALA,MEGHALAYA,191
GUJARAT,CHANDIGARH,193
MEGHALAYA,MAHARASHTRA,195
KARNATAKA,ODISHA,201
PUDUCHERRY,KARNATAKA,203
MANIPUR,ANDHRA PRADESH,202
TAMIL NADU,UTTARAKHAND,203
ANDAMAN & NICOBAR ISLANDS,MAHARASHTRA,204
NCT OF DELHI,JHARKHAND,205
KARNATAKA,DAMAN & DIU,212
KERALA,NAGALAND,210
HARYANA,GOA,213
ODISHA,NAGALAND,212
JHARKHAND,MIZORAM,213
PUNJAB,KERALA,216
NAGALAND,WEST BENGAL,214
UTTARAKHAND,ANDHRA PRADESH,217
KARNATAKA,CHHATTISGARH,216
NAGALAND,MAHARASHTRA,219
PUNJAB,ASSAM,217
UTTARAKHAND,JHARKHAND,219
HIMACHAL PRADESH,BIHAR,220
MANIPUR,UTTAR PRADESH,221
ASSAM,SIKKIM,222
UTTARAKHAND,DAMAN & DIU,225
NCT OF DELHI,BIHAR,227
MANIPUR,PUNJAB,228
JAMMU & KASHMIR,CHHATTISGARH,230
MANIPUR,WEST BENGAL,234
KERALA,DAMAN & DIU,238
CHHATTISGARH,DAMAN & DIU,236
MANIPUR,ARUNACHAL PRADESH,238
KERALA,UTTARAKHAND,239
RAJASTHAN,ARUNACHAL PRADESH,241
RAJASTHAN,MEGHALAYA,259
ANDHRA PRADESH,UTTARAKHAND,255
HIMACHAL PRADESH,JHARKHAND,261
TRIPURA,NCT OF DELHI,259
HIMACHAL PRADESH,WEST BENGAL,262
MAHARASHTRA,BIHAR,261
UTTARAKHAND,CHHATTISGARH,263
MAHARASHTRA,CHANDIGARH,262
TAMIL NADU,JAMMU & KASHMIR,263
ODISHA,PUDUCHERRY,265
ARUNACHAL PRADESH,NCT OF DELHI,267
ASSAM,CHHATTISGARH,269
UTTARAKHAND,NAGALAND,270
ANDAMAN & NICOBAR ISLANDS,TAMIL NADU,272
CHHATTISGARH,TAMIL NADU,284
KERALA,JAMMU & KASHMIR,283
KARNATAKA,DADRA & NAGAR HAVELI,284
NAGALAND,NCT OF DELHI,285
ANDHRA PRADESH,JAMMU & KASHMIR,295
JAMMU & KASHMIR,TAMIL NADU,297
JHARKHAND,ASSAM,296
ASSAM,JAMMU & KASHMIR,297
TRIPURA,MAHARASHTRA,303
GUJARAT,JHARKHAND,308
MEGHALAYA,WEST BENGAL,306
KARNATAKA,WEST BENGAL,308
PUDUCHERRY,KERALA,309
ASSAM,ODISHA,310
UTTARAKHAND,DADRA & NAGAR HAVELI,317
HARYANA,KERALA,318
MADHYA PRADESH,BIHAR,319
JAMMU & KASHMIR,WEST BENGAL,329
CHHATTISGARH,GOA,333
JHARKHAND,JAMMU & KASHMIR,331
NCT OF DELHI,WEST BENGAL,333
JAMMU & KASHMIR,KERALA,339
PUNJAB,TAMIL NADU,340
CHHATTISGARH,KERALA,344
MAHARASHTRA,HIMACHAL PRADESH,341
TAMIL NADU,JHARKHAND,344
RAJASTHAN,BIHAR,346
TRIPURA,KARNATAKA,349
GUJARAT,UTTARAKHAND,350
TAMIL NADU,CHANDIGARH,353
HARYANA,ASSAM,355
NCT OF DELHI,MADHYA PRADESH,358
ARUNACHAL PRADESH,MEGHALAYA,359
NCT OF DELHI,TAMIL NADU,362
JHARKHAND,ANDAMAN & NICOBAR ISLANDS,364
NCT OF DELHI,CHANDIGARH,363
UTTAR PRADESH,SIKKIM,364
UTTARAKHAND,MEGHALAYA,366
ODISHA,BIHAR,369
ASSAM,BIHAR,374
ANDHRA PRADESH,ASSAM,378
ARUNACHAL PRADESH,KARNATAKA,376
NAGALAND,MEGHALAYA,378
TAMIL NADU,ODISHA,384
HARYANA,ODISHA,392
BIHAR,MIZORAM,393
BIHAR,ANDAMAN & NICOBAR ISLANDS,394
KERALA,JHARKHAND,402
PUNJAB,ODISHA,411
TRIPURA,MIZORAM,420
ASSAM,CHANDIGARH,421
RAJASTHAN,NAGALAND,428
WEST BENGAL,MEGHALAYA,422
ASSAM,UTTARAKHAND,428
TRIPURA,NAGALAND,429
PUNJAB,ANDHRA PRADESH,430
GUJARAT,ODISHA,444
MIZORAM,MEGHALAYA,447
KERALA,DADRA & NAGAR HAVELI,452
TAMIL NADU,WEST BENGAL,459
UTTARAKHAND,WEST BENGAL,458
KERALA,ANDAMAN & NICOBAR ISLANDS,467
WEST BENGAL,TRIPURA,459
ODISHA,ASSAM,467
TAMIL NADU,CHHATTISGARH,468
KERALA,ODISHA,475
ASSAM,JHARKHAND,473
KARNATAKA,HARYANA,475
WEST BENGAL,NAGALAND,481
HARYANA,JHARKHAND,488
ODISHA,CHANDIGARH,489
TRIPURA,MEGHALAYA,494
JAMMU & KASHMIR,KARNATAKA,503
UTTAR PRADESH,ANDAMAN & NICOBAR ISLANDS,506
ASSAM,GOA,513
NCT OF DELHI,ANDHRA PRADESH,520
ASSAM,MANIPUR,528
KERALA,LAKSHADWEEP,540
MADHYA PRADESH,HIMACHAL PRADESH,536
MAHARASHTRA,JHARKHAND,543
GUJARAT,GOA,540
ODISHA,JAMMU & KASHMIR,543
UTTAR PRADESH,MEGHALAYA,559
NCT OF DELHI,KERALA,561
BIHAR,MANIPUR,562
TAMIL NADU,GOA,564
CHHATTISGARH,CHANDIGARH,572
DADRA & NAGAR HAVELI,GUJARAT,586
JHARKHAND,KERALA,588
TAMIL NADU,HARYANA,596
NAGALAND,ASSAM,602
CHHATTISGARH,UTTARAKHAND,623
HARYANA,TAMIL NADU,631
KERALA,WEST BENGAL,634
KARNATAKA,MADHYA PRADESH,635
CHANDIGARH,CHANDIGARH,643
JAMMU & KASHMIR,GUJARAT,647
ODISHA,UTTARAKHAND,646
JAMMU & KASHMIR,UTTARAKHAND,647
KARNATAKA,UTTAR PRADESH,653
MAHARASHTRA,JAMMU & KASHMIR,654
MADHYA PRADESH,GOA,660
MAHARASHTRA,UTTARAKHAND,661
SIKKIM,WEST BENGAL,662
NCT OF DELHI,PUNJAB,672
KARNATAKA,PUNJAB,677
HIMACHAL PRADESH,KARNATAKA,685
MADHYA PRADESH,KERALA,689
JAMMU & KASHMIR,MADHYA PRADESH,708
WEST BENGAL,HIMACHAL PRADESH,715
UTTARAKHAND,KARNATAKA,721
HARYANA,ANDHRA PRADESH,723
UTTARAKHAND,JAMMU & KASHMIR,724
MAHARASHTRA,ODISHA,737
ASSAM,DADRA & NAGAR HAVELI,761
GOA,KARNATAKA,771
MADHYA PRADESH,TAMIL NADU,785
LAKSHADWEEP,KERALA,784
KARNATAKA,RAJASTHAN,785
TAMIL NADU,RAJASTHAN,789
DAMAN & DIU,GUJARAT,802
MANIPUR,MAHARASHTRA,800
JAMMU & KASHMIR,CHANDIGARH,802
RAJASTHAN,JHARKHAND,838
ASSAM,MADHYA PRADESH,842
TAMIL NADU,PUNJAB,860
MADHYA PRADESH,CHANDIGARH,862
ANDHRA PRADESH,JHARKHAND,866
TAMIL NADU,UTTAR PRADESH,874
HIMACHAL PRADESH,JAMMU & KASHMIR,883
HIMACHAL PRADESH,MADHYA PRADESH,894
MANIPUR,ASSAM,899
MANIPUR,KARNATAKA,902
GUJARAT,KERALA,914
NCT OF DELHI,UTTARAKHAND,919
UTTAR PRADESH,ARUNACHAL PRADESH,925
PUNJAB,KARNATAKA,927
ANDHRA PRADESH,GOA,930
HIMACHAL PRADESH,GUJARAT,936
ANDHRA PRADESH,HARYANA,965
TAMIL NADU,MADHYA PRADESH,948
GUJARAT,HARYANA,965
NCT OF DELHI,KARNATAKA,967
PUNJAB,JHARKHAND,978
WEST BENGAL,ARUNACHAL PRADESH,968
ODISHA,HIMACHAL PRADESH,978
ASSAM,ANDHRA PRADESH,984
JHARKHAND,TAMIL NADU,980
WEST BENGAL,JAMMU & KASHMIR,984
JHARKHAND,CHANDIGARH,997
JHARKHAND,TRIPURA,1005
CHHATTISGARH,KARNATAKA,1017
JHARKHAND,DADRA & NAGAR HAVELI,1020
UTTAR PRADESH,NAGALAND,1025
CHHATTISGARH,PUNJAB,1033
TRIPURA,WEST BENGAL,1034
KERALA,PUNJAB,1045
MADHYA PRADESH,ODISHA,1051
HARYANA,JAMMU & KASHMIR,1054
CHHATTISGARH,WEST BENGAL,1055
JHARKHAND,GOA,1059
GUJARAT,WEST BENGAL,1068
KERALA,CHHATTISGARH,1076
RAJASTHAN,JAMMU & KASHMIR,1075
ARUNACHAL PRADESH,ASSAM,1076
NCT OF DELHI,RAJASTHAN,1080
CHANDIGARH,HARYANA,1085
CHHATTISGARH,RAJASTHAN,1096
ANDHRA PRADESH,RAJASTHAN,1107
RAJASTHAN,ODISHA,1117
RAJASTHAN,HIMACHAL PRADESH,1134
GUJARAT,UTTAR PRADESH,1141
NCT OF DELHI,GUJARAT,1154
MADHYA PRADESH,JHARKHAND,1180
WEST BENGAL,DADRA & NAGAR HAVELI,1178
KARNATAKA,NCT OF DELHI,1180
HARYANA,WEST BENGAL,1188
CHHATTISGARH,HIMACHAL PRADESH,1190
KERALA,HARYANA,1198
JAMMU & KASHMIR,HARYANA,1199
WEST BENGAL,GOA,1203
GUJARAT,TAMIL NADU,1237
ASSAM,DAMAN & DIU,1253
KERALA,GOA,1254
GUJARAT,PUNJAB,1259
GUJARAT,CHHATTISGARH,1296
MAHARASHTRA,WEST BENGAL,1300
MADHYA PRADESH,WEST BENGAL,1303
JAMMU & KASHMIR,HIMACHAL PRADESH,1316
CHHATTISGARH,ANDHRA PRADESH,1321
ANDHRA PRADESH,UTTAR PRADESH,1341
ANDHRA PRADESH,PUNJAB,1395
PUNJAB,WEST BENGAL,1399
JHARKHAND,ANDHRA PRADESH,1401
BIHAR,TRIPURA,1410
JAMMU & KASHMIR,UTTAR PRADESH,1417
JHARKHAND,UTTARAKHAND,1422
RAJASTHAN,GOA,1456
ANDHRA PRADESH,MADHYA PRADESH,1470
ASSAM,RAJASTHAN,1478
JAMMU & KASHMIR,RAJASTHAN,1488
MADHYA PRADESH,UTTARAKHAND,1492
HIMACHAL PRADESH,UTTARAKHAND,1493
HARYANA,CHHATTISGARH,1495
ASSAM,TAMIL NADU,1502
MEGHALAYA,ASSAM,1509
PUNJAB,UTTARAKHAND,1513
ANDHRA PRADESH,WEST BENGAL,1515
WEST BENGAL,CHANDIGARH,1516
KERALA,RAJASTHAN,1526
WEST BENGAL,UTTARAKHAND,1640
JHARKHAND,HIMACHAL PRADESH,1599
RAJASTHAN,CHANDIGARH,1640
HIMACHAL PRADESH,RAJASTHAN,1656
ODISHA,GOA,1665
PUNJAB,CHHATTISGARH,1689
MANIPUR,NCT OF DELHI,1721
ASSAM,TRIPURA,1724
MANIPUR,MIZORAM,1748
MADHYA PRADESH,ANDHRA PRADESH,1752
ASSAM,PUNJAB,1758
HARYANA,KARNATAKA,1796
GUJARAT,ANDHRA PRADESH,1838
MAHARASHTRA,KERALA,1888
TAMIL NADU,ANDAMAN & NICOBAR ISLANDS,1880
MAHARASHTRA,HARYANA,1888
MANIPUR,MEGHALAYA,1889
RAJASTHAN,UTTARAKHAND,1892
RAJASTHAN,KERALA,1893
HARYANA,HIMACHAL PRADESH,1959
PUNJAB,MADHYA PRADESH,1960
TRIPURA,ASSAM,2003
UTTARAKHAND,HIMACHAL PRADESH,2031
UTTARAKHAND,MADHYA PRADESH,2047
WEST BENGAL,TAMIL NADU,2055
MADHYA PRADESH,DADRA & NAGAR HAVELI,2080
KERALA,UTTAR PRADESH,2116
LAKSHADWEEP,LAKSHADWEEP,2130
ODISHA,DADRA & NAGAR HAVELI,2134
JHARKHAND,RAJASTHAN,2192
GUJARAT,NCT OF DELHI,2195
ANDHRA PRADESH,ANDAMAN & NICOBAR ISLANDS,2201
MAHARASHTRA,TAMIL NADU,2207
ASSAM,KERALA,2227
ANDHRA PRADESH,NCT OF DELHI,2267
JAMMU & KASHMIR,MAHARASHTRA,2284
ANDHRA PRADESH,KERALA,2275
UTTARAKHAND,GUJARAT,2284
ODISHA,PUNJAB,2286
HIMACHAL PRADESH,UTTAR PRADESH,2290
MADHYA PRADESH,JAMMU & KASHMIR,2368
HARYANA,UTTARAKHAND,2408
KERALA,MADHYA PRADESH,2459
BIHAR,SIKKIM,2493
CHHATTISGARH,JHARKHAND,2506
ODISHA,RAJASTHAN,2528
MADHYA PRADESH,KARNATAKA,2538
RAJASTHAN,DAMAN & DIU,2579
MANIPUR,NAGALAND,2599
HIMACHAL PRADESH,MAHARASHTRA,2602
RAJASTHAN,DADRA & NAGAR HAVELI,2693
HARYANA,MADHYA PRADESH,2627
ASSAM,GUJARAT,2693
RAJASTHAN,CHHATTISGARH,2710
JHARKHAND,DAMAN & DIU,2755
ASSAM,HARYANA,2773
GOA,MAHARASHTRA,2818
RAJASTHAN,ASSAM,2820
UTTAR PRADESH,ASSAM,2828
CHHATTISGARH,HARYANA,2839
BIHAR,MEGHALAYA,2881
UTTAR PRADESH,KERALA,2894
BIHAR,GOA,2980
PUNJAB,GUJARAT,2999
TAMIL NADU,GUJARAT,3007
KERALA,PUDUCHERRY,3010
ASSAM,MIZORAM,3100
MAHARASHTRA,UTTAR PRADESH,3108
PUNJAB,JAMMU & KASHMIR,3121
JHARKHAND,PUNJAB,3168
CHHATTISGARH,JAMMU & KASHMIR,3193
CHHATTISGARH,GUJARAT,3221
ODISHA,DAMAN & DIU,3232
MAHARASHTRA,PUNJAB,3256
WEST BENGAL,DAMAN & DIU,3262
ODISHA,MADHYA PRADESH,3306
ODISHA,TAMIL NADU,3355
WEST BENGAL,ANDHRA PRADESH,3379
GUJARAT,KARNATAKA,3383
BIHAR,KERALA,3440
GUJARAT,MADHYA PRADESH,3487
CHHATTISGARH,NCT OF DELHI,3495
JAMMU & KASHMIR,NCT OF DELHI,3521
WEST BENGAL,ANDAMAN & NICOBAR ISLANDS,3529
JHARKHAND,KARNATAKA,3532
UTTAR PRADESH,TAMIL NADU,3545
PUNJAB,HIMACHAL PRADESH,3595
BIHAR,JAMMU & KASHMIR,3622
MAHARASHTRA,NCT OF DELHI,3700
UTTARAKHAND,RAJASTHAN,3718
BIHAR,ARUNACHAL PRADESH,3721
KERALA,ANDHRA PRADESH,3779
DAMAN & DIU,DAMAN & DIU,3905
NCT OF DELHI,MAHARASHTRA,3939
CHHATTISGARH,ODISHA,3941
ODISHA,UTTAR PRADESH,3958
ODISHA,KERALA,3971
MAHARASHTRA,RAJASTHAN,4058
WEST BENGAL,SIKKIM,4102
CHANDIGARH,PUNJAB,4135
KARNATAKA,GUJARAT,4210
UTTAR PRADESH,JAMMU & KASHMIR,4357
WEST BENGAL,CHHATTISGARH,4384
JHARKHAND,MADHYA PRADESH,4481
PUNJAB,UTTAR PRADESH,4485
WEST BENGAL,ASSAM,4586
ASSAM,KARNATAKA,4671
ASSAM,MEGHALAYA,4692
ODISHA,HARYANA,4769
JAMMU & KASHMIR,PUNJAB,4787
WEST BENGAL,MADHYA PRADESH,4789
PUDUCHERRY,TAMIL NADU,4806
MADHYA PRADESH,PUNJAB,4814
WEST BENGAL,PUNJAB,4839
TAMIL NADU,NCT OF DELHI,4874
ANDHRA PRADESH,CHHATTISGARH,4929
BIHAR,TAMIL NADU,5010
BIHAR,NAGALAND,5041
RAJASTHAN,WEST BENGAL,5118
ASSAM,UTTAR PRADESH,5205
JHARKHAND,HARYANA,5232
DADRA & NAGAR HAVELI,DADRA & NAGAR HAVELI,5248
UTTAR PRADESH,ODISHA,5366
CHHATTISGARH,UTTAR PRADESH,5402
MAHARASHTRA,DAMAN & DIU,5424
ASSAM,NCT OF DELHI,5708
GUJARAT,DAMAN & DIU,5725
HARYANA,GUJARAT,5792
WEST BENGAL,BIHAR,5801
GUJARAT,DADRA & NAGAR HAVELI,5830
MADHYA PRADESH,DAMAN & DIU,5937
GUJARAT,RAJASTHAN,6023
KERALA,GUJARAT,6234
HIMACHAL PRADESH,HARYANA,6595
MAHARASHTRA,GOA,6730
PUNJAB,MAHARASHTRA,6838
UTTAR PRADESH,GOA,7243
MAHARASHTRA,DADRA & NAGAR HAVELI,7333
ANDHRA PRADESH,PUDUCHERRY,7378
WEST BENGAL,KERALA,7514
WEST BENGAL,KARNATAKA,7712
MAHARASHTRA,CHHATTISGARH,7822
ASSAM,NAGALAND,8012
KARNATAKA,KERALA,8025
PUNJAB,RAJASTHAN,8271
ASSAM,ARUNACHAL PRADESH,8385
HARYANA,MAHARASHTRA,8578
UTTAR PRADESH,BIHAR,8738
UTTAR PRADESH,ANDHRA PRADESH,8817
UTTARAKHAND,CHANDIGARH,8835
ASSAM,MAHARASHTRA,8859
ANDHRA PRADESH,GUJARAT,9112
BIHAR,HIMACHAL PRADESH,9246
UTTARAKHAND,PUNJAB,9409
ANDHRA PRADESH,ODISHA,9522
KERALA,NCT OF DELHI,9578
JHARKHAND,UTTAR PRADESH,9600
UTTARAKHAND,MAHARASHTRA,9733
RAJASTHAN,TAMIL NADU,9888
ASSAM,WEST BENGAL,9916
BIHAR,ANDHRA PRADESH,10241
WEST BENGAL,RAJASTHAN,10409
WEST BENGAL,ODISHA,10740
BIHAR,DADRA & NAGAR HAVELI,11006
JHARKHAND,BIHAR,11359
HARYANA,UTTAR PRADESH,11410
TAMIL NADU,ANDHRA PRADESH,11492
RAJASTHAN,ANDHRA PRADESH,11753
KARNATAKA,TAMIL NADU,12082
HARYANA,CHANDIGARH,12131
SIKKIM,SIKKIM,12172
ODISHA,NCT OF DELHI,12185
UTTAR PRADESH,HIMACHAL PRADESH,12521
PUNJAB,NCT OF DELHI,12526
JHARKHAND,CHHATTISGARH,12760
PUDUCHERRY,PUDUCHERRY,12894
UTTAR PRADESH,JHARKHAND,12971
ANDAMAN & NICOBAR ISLANDS,ANDAMAN & NICOBAR ISLANDS,13212
ODISHA,JHARKHAND,13305
MAHARASHTRA,ANDHRA PRADESH,13368
RAJASTHAN,PUNJAB,13459
UTTARAKHAND,HARYANA,13542
WEST BENGAL,UTTAR PRADESH,13587
UTTAR PRADESH,DADRA & NAGAR HAVELI,13626
NCT OF DELHI,UTTAR PRADESH,13634
HIMACHAL PRADESH,NCT OF DELHI,13753
HIMACHAL PRADESH,CHANDIGARH,14074
CHHATTISGARH,MADHYA PRADESH,14141
PUNJAB,CHANDIGARH,14680
ODISHA,KARNATAKA,14854
RAJASTHAN,UTTAR PRADESH,15453
JHARKHAND,ODISHA,15542
ODISHA,WEST BENGAL,15558
MADHYA PRADESH,HARYANA,15637
UTTAR PRADESH,KARNATAKA,16229
NCT OF DELHI,HARYANA,16830
WEST BENGAL,GUJARAT,17422
BIHAR,UTTARAKHAND,18576
BIHAR,KARNATAKA,18787
ODISHA,ANDHRA PRADESH,18821
HIMACHAL PRADESH,PUNJAB,19739
JHARKHAND,NCT OF DELHI,20060
MAHARASHTRA,KARNATAKA,20104
BIHAR,CHANDIGARH,20433
UTTAR PRADESH,DAMAN & DIU,20636
ODISHA,CHHATTISGARH,21043
BIHAR,ASSAM,21108
ANDHRA PRADESH,TAMIL NADU,21139
PUNJAB,HARYANA,22001
BIHAR,DAMAN & DIU,22010
WEST BENGAL,HARYANA,22135
KARNATAKA,ANDHRA PRADESH,22805
JHARKHAND,GUJARAT,23057
KARNATAKA,GOA,23085
KERALA,MAHARASHTRA,24619
BIHAR,ODISHA,24640
RAJASTHAN,KARNATAKA,25245
HARYANA,PUNJAB,25506
TAMIL NADU,PUDUCHERRY,25700
HARYANA,RAJASTHAN,25753
BIHAR,MADHYA PRADESH,25931
TAMIL NADU,MAHARASHTRA,26278
MEGHALAYA,MEGHALAYA,26451
UTTAR PRADESH,CHHATTISGARH,28481
CHHATTISGARH,MAHARASHTRA,28799
MADHYA PRADESH,CHHATTISGARH,28887
MAHARASHTRA,MADHYA PRADESH,29229
UTTARAKHAND,UTTAR PRADESH,29522
TAMIL NADU,KERALA,31118
UTTAR PRADESH,WEST BENGAL,31331
RAJASTHAN,MADHYA PRADESH,32073
WEST BENGAL,JHARKHAND,32099
NCT OF DELHI,NCT OF DELHI,32498
MANIPUR,MANIPUR,32856
MADHYA PRADESH,UTTAR PRADESH,32974
MADHYA PRADESH,NCT OF DELHI,33159
JHARKHAND,MAHARASHTRA,33254
BIHAR,CHHATTISGARH,34873
JHARKHAND,WEST BENGAL,35559
KERALA,KARNATAKA,35837
WEST BENGAL,NCT OF DELHI,36034
ODISHA,MAHARASHTRA,38896
MADHYA PRADESH,RAJASTHAN,39272
ARUNACHAL PRADESH,ARUNACHAL PRADESH,39638
BIHAR,RAJASTHAN,39913
KERALA,TAMIL NADU,41128
RAJASTHAN,HARYANA,41338
MIZORAM,MIZORAM,43989
NAGALAND,NAGALAND,46334
ANDHRA PRADESH,MAHARASHTRA,48508
UTTAR PRADESH,CHANDIGARH,52479
RAJASTHAN,NCT OF DELHI,56367
GOA,GOA,61970
UTTAR PRADESH,RAJASTHAN,62850
UTTARAKHAND,NCT OF DELHI,64787
MADHYA PRADESH,GUJARAT,66100
WEST BENGAL,MAHARASHTRA,66548
TAMIL NADU,KARNATAKA,73035
TRIPURA,TRIPURA,73729
HIMACHAL PRADESH,HIMACHAL PRADESH,84710
BIHAR,PUNJAB,86391
ODISHA,GUJARAT,89239
HARYANA,NCT OF DELHI,93516
GUJARAT,MAHARASHTRA,94261
UTTAR PRADESH,MADHYA PRADESH,94511
MADHYA PRADESH,MAHARASHTRA,94690
ANDHRA PRADESH,KARNATAKA,104755
UTTAR PRADESH,UTTARAKHAND,114278
BIHAR,HARYANA,122416
UTTAR PRADESH,PUNJAB,125078
BIHAR,UTTAR PRADESH,125657
RAJASTHAN,MAHARASHTRA,128821
JAMMU & KASHMIR,JAMMU & KASHMIR,136892
MAHARASHTRA,GUJARAT,158544
KARNATAKA,MAHARASHTRA,164874
BIHAR,GUJARAT,167768
BIHAR,WEST BENGAL,177909
RAJASTHAN,GUJARAT,180112
BIHAR,JHARKHAND,187695
BIHAR,MAHARASHTRA,204039
UTTARAKHAND,UTTARAKHAND,210651
UTTAR PRADESH,HARYANA,216356
ASSAM,ASSAM,315240
JHARKHAND,JHARKHAND,360088
UTTAR PRADESH,GUJARAT,375830
PUNJAB,PUNJAB,386754
BIHAR,NCT OF DELHI,413308
CHHATTISGARH,CHHATTISGARH,475633
HARYANA,HARYANA,479788
BIHAR,BIHAR,635634
UTTAR PRADESH,NCT OF DELHI,670531
ODISHA,ODISHA,702081
UTTAR PRADESH,MAHARASHTRA,816993
RAJASTHAN,RAJASTHAN,978651
WEST BENGAL,WEST BENGAL,1191511
MADHYA PRADESH,MADHYA PRADESH,1282608
KARNATAKA,KARNATAKA,1483374
KERALA,KERALA,1548068
TAMIL NADU,TAMIL NADU,1872040
GUJARAT,GUJARAT,1972613
UTTAR PRADESH,UTTAR PRADESH,2001246
ANDHRA PRADESH,ANDHRA PRADESH,2088344
MAHARASHTRA,MAHARASHTRA,3232704
